"db" "query" "genus" "class" "phylum" "Organism"
"ncbi" "Alphaproteobacteria bacterium 62-8" NA "Alphaproteobacteria" "Proteobacteria" "Alphaproteobacteria bacterium 62-8"
"ncbi" "Achromobacter denitrificans" "Achromobacter" "Betaproteobacteria" "Proteobacteria" "Achromobacter denitrificans"
"ncbi" "Sphingobium chlorophenolicum" "Sphingobium" "Alphaproteobacteria" "Proteobacteria" "Sphingobium chlorophenolicum"
"ncbi" "Burkholderia sp. LMG 29314" "Burkholderia" "Betaproteobacteria" "Proteobacteria" "Burkholderia sp. LMG 29314"
"ncbi" "Cupriavidus sp. UYMMa02A" "Cupriavidus" "Betaproteobacteria" "Proteobacteria" "Cupriavidus sp. UYMMa02A"
"ncbi" "Microvirga guangxiensis" "Microvirga" "Alphaproteobacteria" "Proteobacteria" "Microvirga guangxiensis"
"ncbi" "Turneriella parva DSM 21527" "Turneriella" "Spirochaetia" "Spirochaetes" "Turneriella parva DSM 21527"
"ncbi" "Bradyrhizobium sp. cf659" "Bradyrhizobium" "Alphaproteobacteria" "Proteobacteria" "Bradyrhizobium sp. cf659"
"ncbi" "Bradyrhizobium sp. Gha" "Bradyrhizobium" "Alphaproteobacteria" "Proteobacteria" "Bradyrhizobium sp. Gha"
"ncbi" "Comamonas testosteroni ATCC 11996" "Comamonas" "Betaproteobacteria" "Proteobacteria" "Comamonas testosteroni ATCC 11996"
"ncbi" "Methylocella silvestris BL2" "Methylocella" "Alphaproteobacteria" "Proteobacteria" "Methylocella silvestris BL2"
"ncbi" "Bradyrhizobium valentinum" "Bradyrhizobium" "Alphaproteobacteria" "Proteobacteria" "Bradyrhizobium valentinum"
"ncbi" "Hyphomicrobium sp. MC1" "Hyphomicrobium" "Alphaproteobacteria" "Proteobacteria" "Hyphomicrobium sp. MC1"
"ncbi" "Methylocapsa palsarum" "Methylocapsa" "Alphaproteobacteria" "Proteobacteria" "Methylocapsa palsarum"
"ncbi" "Hydrogenibacillus schlegelii" "Hydrogenibacillus" "Bacilli" "Firmicutes" "Hydrogenibacillus schlegelii"
"ncbi" "Bacillus sp. MRMR6" "Bacillus" "Bacilli" "Firmicutes" "Bacillus sp. MRMR6"
"ncbi" "Bacillus cereus VD131" "Bacillus" "Bacilli" "Firmicutes" "Bacillus cereus VD131"
"ncbi" "Paenibacillus barengoltzii G22" "Paenibacillus" "Bacilli" "Firmicutes" "Paenibacillus barengoltzii G22"
"ncbi" "Magnetospirillum magnetotacticum MS-1" "Magnetospirillum" "Alphaproteobacteria" "Proteobacteria" "Magnetospirillum magnetotacticum MS-1"
"ncbi" "Candidatus Nitrososphaera gargensis Ga9.2" "Nitrososphaera" "Nitrososphaeria" "Thaumarchaeota" "Candidatus Nitrososphaera gargensis Ga9.2"
"ncbi" "Acidobacteria bacterium 13_2_20CM_58_27" NA NA "Acidobacteria" "Acidobacteria bacterium 13_2_20CM_58_27"
"ncbi" "Candidatus Nitrosotalea devanaterra" "Candidatus Nitrosotalea" NA "Thaumarchaeota" "Candidatus Nitrosotalea devanaterra"
"ncbi" "Verrucomicrobia bacterium 13_1_20CM_3_54_17" NA NA "Verrucomicrobia" "Verrucomicrobia bacterium 13_1_20CM_3_54_17"
"ncbi" "Phenylobacterium sp. Root700" "Phenylobacterium" "Alphaproteobacteria" "Proteobacteria" "Phenylobacterium sp. Root700"
"ncbi" "Pseudoxanthomonas sp. CF125" "Pseudoxanthomonas" "Gammaproteobacteria" "Proteobacteria" "Pseudoxanthomonas sp. CF125"
"ncbi" "Skermanella stibiiresistens SB22" "Skermanella" "Alphaproteobacteria" "Proteobacteria" "Skermanella stibiiresistens SB22"
"ncbi" "Hyphomicrobium denitrificans ATCC 51888" "Hyphomicrobium" "Alphaproteobacteria" "Proteobacteria" "Hyphomicrobium denitrificans ATCC 51888"
"ncbi" "Mesorhizobium loti" "Mesorhizobium" "Alphaproteobacteria" "Proteobacteria" "Mesorhizobium loti"
"ncbi" "Sphingomonas sp. Leaf30" "Sphingomonas" "Alphaproteobacteria" "Proteobacteria" "Sphingomonas sp. Leaf30"
"ncbi" "Escherichia coli str. K-12 substr. MG1655" "Escherichia" "Gammaproteobacteria" "Proteobacteria" "Escherichia coli str. K-12 substr. MG1655"
"ncbi" "Mycobacterium gilvum PYR-GCK" "Mycobacterium" "Actinobacteria" "Actinobacteria" "Mycobacterium gilvum PYR-GCK"
"ncbi" "uncultured bacterium" NA NA NA "uncultured bacterium"
"ncbi" "Burkholderia xenovorans LB400" "Paraburkholderia" "Betaproteobacteria" "Proteobacteria" "Burkholderia xenovorans LB400"
"ncbi" "Geobacillus sp. JS12" "Geobacillus" "Bacilli" "Firmicutes" "Geobacillus sp. JS12"
"ncbi" "Bacillus sp. SA1-12" "Bacillus" "Bacilli" "Firmicutes" "Bacillus sp. SA1-12"
"ncbi" "Criblamydia sequanensis CRIB-18" "Criblamydia" "Chlamydiia" "Chlamydiae" "Criblamydia sequanensis CRIB-18"
"ncbi" "Alphaproteobacteria bacterium 13_1_20CM_3_64_12" NA "Alphaproteobacteria" "Proteobacteria" "Alphaproteobacteria bacterium 13_1_20CM_3_64_12"
"ncbi" "Achromobacter xylosoxidans" "Achromobacter" "Betaproteobacteria" "Proteobacteria" "Achromobacter xylosoxidans"
"ncbi" "Microvirga vignae" "Microvirga" "Alphaproteobacteria" "Proteobacteria" "Microvirga vignae"
"ncbi" "Comamonas testosteroni KF-1" "Comamonas" "Betaproteobacteria" "Proteobacteria" "Comamonas testosteroni KF-1"
"ncbi" "Comamonas testosteroni" "Comamonas" "Betaproteobacteria" "Proteobacteria" "Comamonas testosteroni"
"ncbi" "Mycobacterium sp. SP-6446" "Mycobacterium" "Actinobacteria" "Actinobacteria" "Mycobacterium sp. SP-6446"
"ncbi" "Agrobacterium tumefaciens" "Agrobacterium" "Alphaproteobacteria" "Proteobacteria" "Agrobacterium tumefaciens"
"ncbi" "Methylobacterium sp. Leaf106" "Methylobacterium" "Alphaproteobacteria" "Proteobacteria" "Methylobacterium sp. Leaf106"
"ncbi" "Albimonas pacifica" "Albimonas" "Alphaproteobacteria" "Proteobacteria" "Albimonas pacifica"
"ncbi" "Sphingobium sp. YBL2" "Sphingobium" "Alphaproteobacteria" "Proteobacteria" "Sphingobium sp. YBL2"
"ncbi" "Azospirillum lipoferum 4B" "Azospirillum" "Alphaproteobacteria" "Proteobacteria" "Azospirillum lipoferum 4B"
"ncbi" "Betaproteobacteria bacterium RIFCSPLOWO2_02_64_14" NA "Betaproteobacteria" "Proteobacteria" "Betaproteobacteria bacterium RIFCSPLOWO2_02_64_14"
"ncbi" "Betaproteobacteria bacterium RBG_16_64_18" NA "Betaproteobacteria" "Proteobacteria" "Betaproteobacteria bacterium RBG_16_64_18"
"ncbi" "Actinoplanes sp. N902-109" "Actinoplanes" "Actinobacteria" "Actinobacteria" "Actinoplanes sp. N902-109"
"ncbi" "Verrucosispora maris AB-18-032" "Verrucosispora" "Actinobacteria" "Actinobacteria" "Verrucosispora maris AB-18-032"
"ncbi" "Rhizobium sp. Leaf321" "Rhizobium" "Alphaproteobacteria" "Proteobacteria" "Rhizobium sp. Leaf321"
"ncbi" "Stemphylium lycopersici" "Stemphylium" "Dothideomycetes" "Ascomycota" "Stemphylium lycopersici"
"ncbi" "Methylobacterium pseudosasicola" "Methylobacterium" "Alphaproteobacteria" "Proteobacteria" "Methylobacterium pseudosasicola"
"ncbi" "Sphingomonas sp. RIT328" "Sphingomonas" "Alphaproteobacteria" "Proteobacteria" "Sphingomonas sp. RIT328"
"ncbi" "Aurantimonas manganoxydans SI85-9A1" "Aurantimonas" "Alphaproteobacteria" "Proteobacteria" "Aurantimonas manganoxydans SI85-9A1"
"ncbi" "Achromobacter sp. LC458" "Achromobacter" "Betaproteobacteria" "Proteobacteria" "Achromobacter sp. LC458"
"ncbi" "Sphingomonas sanxanigenens DSM 19645 = NX02" "Sphingomonas" "Alphaproteobacteria" "Proteobacteria" "Sphingomonas sanxanigenens DSM 19645 = NX02"
"ncbi" "Methylobacterium sp. Leaf111" "Methylobacterium" "Alphaproteobacteria" "Proteobacteria" "Methylobacterium sp. Leaf111"
"ncbi" "Sphingomonas sp. Leaf34" "Sphingomonas" "Alphaproteobacteria" "Proteobacteria" "Sphingomonas sp. Leaf34"
"ncbi" "Rhizobium sp. NFR03" "Rhizobium" "Alphaproteobacteria" "Proteobacteria" "Rhizobium sp. NFR03"
"ncbi" "Rhizobium lusitanum" "Rhizobium" "Alphaproteobacteria" "Proteobacteria" "Rhizobium lusitanum"
"ncbi" "Rhizobium sp. 9140" "Rhizobium" "Alphaproteobacteria" "Proteobacteria" "Rhizobium sp. 9140"
"ncbi" "Comamonas testosteroni TK102" "Comamonas" "Betaproteobacteria" "Proteobacteria" "Comamonas testosteroni TK102"
"ncbi" "Sphingomonas sp. Leaf226" "Sphingomonas" "Alphaproteobacteria" "Proteobacteria" "Sphingomonas sp. Leaf226"
"ncbi" "Rhizobium grahamii CCGE 502" "Rhizobium" "Alphaproteobacteria" "Proteobacteria" "Rhizobium grahamii CCGE 502"
"ncbi" "Methylobacterium brachiatum" "Methylobacterium" "Alphaproteobacteria" "Proteobacteria" "Methylobacterium brachiatum"
"ncbi" "Rhizobium sp. Leaf306" "Rhizobium" "Alphaproteobacteria" "Proteobacteria" "Rhizobium sp. Leaf306"
"ncbi" "Sphingomonas rubra" "Sphingomonas" "Alphaproteobacteria" "Proteobacteria" "Sphingomonas rubra"
"ncbi" "Aureimonas sp. Leaf454" "Aureimonas" "Alphaproteobacteria" "Proteobacteria" "Aureimonas sp. Leaf454"
"ncbi" "Methylobacterium sp. Leaf123" "Methylobacterium" "Alphaproteobacteria" "Proteobacteria" "Methylobacterium sp. Leaf123"
"ncbi" "Staphylococcus cohnii" "Staphylococcus" "Bacilli" "Firmicutes" "Staphylococcus cohnii"
"ncbi" "Sphingopyxis macrogoltabida" "Sphingopyxis" "Alphaproteobacteria" "Proteobacteria" "Sphingopyxis macrogoltabida"
"ncbi" "Burkholderia cepacia GG4" "Burkholderia" "Betaproteobacteria" "Proteobacteria" "Burkholderia cepacia GG4"
"ncbi" "Sphingomonas sp. Leaf25" "Sphingomonas" "Alphaproteobacteria" "Proteobacteria" "Sphingomonas sp. Leaf25"
"ncbi" "Acidobacterium capsulatum ATCC 51196" "Acidobacterium" "Acidobacteriia" "Acidobacteria" "Acidobacterium capsulatum ATCC 51196"
"ncbi" "Sorangium cellulosum" "Sorangium" "Deltaproteobacteria" "Proteobacteria" "Sorangium cellulosum"
"ncbi" "Geobacillus thermoglucosidasius C56-YS93" "Parageobacillus" "Bacilli" "Firmicutes" "Geobacillus thermoglucosidasius C56-YS93"
"ncbi" "Burkholderia sp. SRS-W-2-2016" "Burkholderia" "Betaproteobacteria" "Proteobacteria" "Burkholderia sp. SRS-W-2-2016"
"ncbi" "Bdellovibrionales bacterium RIFOXYB1_FULL_39_21" NA "Deltaproteobacteria" "Proteobacteria" "Bdellovibrionales bacterium RIFOXYB1_FULL_39_21"
"ncbi" "Deltaproteobacteria bacterium RIFCSPHIGHO2_01_FULL_43_49" NA "Deltaproteobacteria" "Proteobacteria" "Deltaproteobacteria bacterium RIFCSPHIGHO2_01_FULL_43_49"
"ncbi" "Anaerolineae bacterium CG2_30_57_67" NA "Anaerolineae" "Chloroflexi" "Anaerolineae bacterium CG2_30_57_67"
"ncbi" "Bdellovibrionales bacterium RIFOXYD1_FULL_53_11" NA "Deltaproteobacteria" "Proteobacteria" "Bdellovibrionales bacterium RIFOXYD1_FULL_53_11"
"ncbi" "Candidatus Koribacter versatilis Ellin345" "Candidatus Koribacter" "Acidobacteriia" "Acidobacteria" "Candidatus Koribacter versatilis Ellin345"
"ncbi" "Bacillus thuringiensis BMB171" "Bacillus" "Bacilli" "Firmicutes" "Bacillus thuringiensis BMB171"
"ncbi" "Alphaproteobacteria bacterium 13_1_20CM_4_65_11" NA "Alphaproteobacteria" "Proteobacteria" "Alphaproteobacteria bacterium 13_1_20CM_4_65_11"
"ncbi" "Pseudomonas pseudoalcaligenes CECT 5344" "Pseudomonas" "Gammaproteobacteria" "Proteobacteria" "Pseudomonas pseudoalcaligenes CECT 5344"
"ncbi" "Nitrospira sp. SCGC AG-212-E16" "Nitrospira" "Nitrospira" "Nitrospirae" "Nitrospira sp. SCGC AG-212-E16"
"ncbi" "Planctomycetes bacterium GWF2_50_10" NA NA "Planctomycetes" "Planctomycetes bacterium GWF2_50_10"
"ncbi" "Mycobacterium sp. 1554424.7" "Mycobacterium" "Actinobacteria" "Actinobacteria" "Mycobacterium sp. 1554424.7"
"ncbi" "Aurantimonas sp. Leaf443" "Aurantimonas" "Alphaproteobacteria" "Proteobacteria" "Aurantimonas sp. Leaf443"
"ncbi" "Pseudomonas aeruginosa SCV20265" "Pseudomonas" "Gammaproteobacteria" "Proteobacteria" "Pseudomonas aeruginosa SCV20265"
"ncbi" "Bradyrhizobium erythrophlei" "Bradyrhizobium" "Alphaproteobacteria" "Proteobacteria" "Bradyrhizobium erythrophlei"
"ncbi" "Methylococcus capsulatus str. Bath" "Methylococcus" "Gammaproteobacteria" "Proteobacteria" "Methylococcus capsulatus str. Bath"
"ncbi" "Bradyrhizobium sp." "Bradyrhizobium" "Alphaproteobacteria" "Proteobacteria" "Bradyrhizobium sp."
"ncbi" "Phenylobacterium zucineum HLK1" "Phenylobacterium" "Alphaproteobacteria" "Proteobacteria" "Phenylobacterium zucineum HLK1"
"ncbi" "Caulobacter sp. Root487D2Y" "Caulobacter" "Alphaproteobacteria" "Proteobacteria" "Caulobacter sp. Root487D2Y"
"ncbi" "Mycobacterium sp. E735" "Mycobacterium" "Actinobacteria" "Actinobacteria" "Mycobacterium sp. E735"
"ncbi" "Novosphingobium fuchskuhlense" "Novosphingobium" "Alphaproteobacteria" "Proteobacteria" "Novosphingobium fuchskuhlense"
"ncbi" "Mesorhizobium sp. ORS3359" "Mesorhizobium" "Alphaproteobacteria" "Proteobacteria" "Mesorhizobium sp. ORS3359"
"ncbi" "Sphingomonas sp. WHSC-8" "Sphingomonas" "Alphaproteobacteria" "Proteobacteria" "Sphingomonas sp. WHSC-8"
"ncbi" "Burkholderia multivorans ATCC 17616" "Burkholderia" "Betaproteobacteria" "Proteobacteria" "Burkholderia multivorans ATCC 17616"
"ncbi" "Sphingomonas sp. Root241" "Sphingomonas" "Alphaproteobacteria" "Proteobacteria" "Sphingomonas sp. Root241"
"ncbi" "Blastochloris viridis" "Blastochloris" "Alphaproteobacteria" "Proteobacteria" "Blastochloris viridis"
"ncbi" "Ochrobactrum intermedium LMG 3301" "Ochrobactrum" "Alphaproteobacteria" "Proteobacteria" "Ochrobactrum intermedium LMG 3301"
"ncbi" "Mycobacterium asiaticum" "Mycobacterium" "Actinobacteria" "Actinobacteria" "Mycobacterium asiaticum"
"ncbi" "Mesorhizobium loti MAFF303099" "Mesorhizobium" "Alphaproteobacteria" "Proteobacteria" "Mesorhizobium loti MAFF303099"
"ncbi" "Bradyrhizobium yuanmingense" "Bradyrhizobium" "Alphaproteobacteria" "Proteobacteria" "Bradyrhizobium yuanmingense"
"ncbi" "Caulobacter sp. UNC279MFTsu5.1" "Caulobacter" "Alphaproteobacteria" "Proteobacteria" "Caulobacter sp. UNC279MFTsu5.1"
"ncbi" "Bradyrhizobium japonicum SEMIA 5079" "Bradyrhizobium" "Alphaproteobacteria" "Proteobacteria" "Bradyrhizobium japonicum SEMIA 5079"
"ncbi" "Burkholderia sp. H160" "Burkholderia" "Betaproteobacteria" "Proteobacteria" "Burkholderia sp. H160"
"ncbi" "Phenylobacterium sp. SCN 70-31" "Phenylobacterium" "Alphaproteobacteria" "Proteobacteria" "Phenylobacterium sp. SCN 70-31"
"ncbi" "Bradyrhizobium sp. YR681" "Bradyrhizobium" "Alphaproteobacteria" "Proteobacteria" "Bradyrhizobium sp. YR681"
"ncbi" "Brevundimonas viscosa" "Brevundimonas" "Alphaproteobacteria" "Proteobacteria" "Brevundimonas viscosa"
"ncbi" "Mesorhizobium alhagi CCNWXJ12-2" "Mesorhizobium" "Alphaproteobacteria" "Proteobacteria" "Mesorhizobium alhagi CCNWXJ12-2"
"ncbi" "Rhizobiales bacterium 64-17" NA "Alphaproteobacteria" "Proteobacteria" "Rhizobiales bacterium 64-17"
"ncbi" "Caulobacter sp. AP07" "Caulobacter" "Alphaproteobacteria" "Proteobacteria" "Caulobacter sp. AP07"
"ncbi" "Variovorax paradoxus" "Variovorax" "Betaproteobacteria" "Proteobacteria" "Variovorax paradoxus"
"ncbi" "Bradyrhizobium sp. Rc3b" "Bradyrhizobium" "Alphaproteobacteria" "Proteobacteria" "Bradyrhizobium sp. Rc3b"
"ncbi" "Azospirillum thiophilum" "Azospirillum" "Alphaproteobacteria" "Proteobacteria" "Azospirillum thiophilum"
"ncbi" "Bosea sp. LC85" "Bosea" "Alphaproteobacteria" "Proteobacteria" "Bosea sp. LC85"
"ncbi" "Sphingomonas sp. Root710" "Sphingomonas" "Alphaproteobacteria" "Proteobacteria" "Sphingomonas sp. Root710"
"ncbi" "Afipia broomeae ATCC 49717" "Afipia" "Alphaproteobacteria" "Proteobacteria" "Afipia broomeae ATCC 49717"
"ncbi" "Sphingobium chinhatense IP26" "Sphingobium" "Alphaproteobacteria" "Proteobacteria" "Sphingobium chinhatense IP26"
"ncbi" "Caulobacter henricii" "Caulobacter" "Alphaproteobacteria" "Proteobacteria" "Caulobacter henricii"
"ncbi" "endosymbiont of unidentified scaly snail isolate Monju" NA "Gammaproteobacteria" "Proteobacteria" "endosymbiont of unidentified scaly snail isolate Monju"
"ncbi" "Streptomyces purpurogeneiscleroticus" "Streptomyces" "Actinobacteria" "Actinobacteria" "Streptomyces purpurogeneiscleroticus"
"ncbi" "Methylomonas sp. DH-1" "Methylomonas" "Gammaproteobacteria" "Proteobacteria" "Methylomonas sp. DH-1"
"ncbi" "Bradyrhizobium neotropicale" "Bradyrhizobium" "Alphaproteobacteria" "Proteobacteria" "Bradyrhizobium neotropicale"
"ncbi" "Afipia sp. 62-7" "Afipia" "Alphaproteobacteria" "Proteobacteria" "Afipia sp. 62-7"
"ncbi" "Caulobacter sp. K31" "Caulobacter" "Alphaproteobacteria" "Proteobacteria" "Caulobacter sp. K31"
"ncbi" "Acetobacter indonesiensis 5H-1" "Acetobacter" "Alphaproteobacteria" "Proteobacteria" "Acetobacter indonesiensis 5H-1"
"ncbi" "Bacillus cereus F837/76" "Bacillus" "Bacilli" "Firmicutes" "Bacillus cereus F837/76"
"ncbi" "Geodermatophilus sp. DSM 44208" "Geodermatophilus" "Actinobacteria" "Actinobacteria" "Geodermatophilus sp. DSM 44208"
"ncbi" "Microlunatus phosphovorus NM-1" "Microlunatus" "Actinobacteria" "Actinobacteria" "Microlunatus phosphovorus NM-1"
"ncbi" "Friedmanniella flava" "Friedmanniella" "Actinobacteria" "Actinobacteria" "Friedmanniella flava"
"ncbi" "Acidobacteriales bacterium 13_2_20CM_2_55_5" NA "Acidobacteriia" "Acidobacteria" "Acidobacteriales bacterium 13_2_20CM_2_55_5"
"ncbi" "Acidobacteria bacterium 13_1_40CM_4_58_4" NA NA "Acidobacteria" "Acidobacteria bacterium 13_1_40CM_4_58_4"
"ncbi" "candidate division Zixibacteria bacterium SM1_73" NA NA "candidate division Zixibacteria" "candidate division Zixibacteria bacterium SM1_73"
"ncbi" "Pseudomonas aeruginosa" "Pseudomonas" "Gammaproteobacteria" "Proteobacteria" "Pseudomonas aeruginosa"
"ncbi" "Methylocystis sp. SC2" "Methylocystis" "Alphaproteobacteria" "Proteobacteria" "Methylocystis sp. SC2"
"ncbi" "Afipia sp. P52-10" "Afipia" "Alphaproteobacteria" "Proteobacteria" "Afipia sp. P52-10"
"ncbi" "Bosea sp. Root381" "Bosea" "Alphaproteobacteria" "Proteobacteria" "Bosea sp. Root381"
"ncbi" "Alicycliphilus sp. 69-12" "Alicycliphilus" "Betaproteobacteria" "Proteobacteria" "Alicycliphilus sp. 69-12"
"ncbi" "Mesorhizobium sp. ORS3428" "Mesorhizobium" "Alphaproteobacteria" "Proteobacteria" "Mesorhizobium sp. ORS3428"
"ncbi" "Novosphingobium sp. AAP93" "Novosphingobium" "Alphaproteobacteria" "Proteobacteria" "Novosphingobium sp. AAP93"
"ncbi" "Afipia sp. 1NLS2" "Afipia" "Alphaproteobacteria" "Proteobacteria" "Afipia sp. 1NLS2"
"ncbi" "Burkholderia ubonensis" "Burkholderia" "Betaproteobacteria" "Proteobacteria" "Burkholderia ubonensis"
"ncbi" "Burkholderia sp. BDU18" "Burkholderia" "Betaproteobacteria" "Proteobacteria" "Burkholderia sp. BDU18"
"ncbi" "Mycobacterium sp. 1164966.3" "Mycobacterium" "Actinobacteria" "Actinobacteria" "Mycobacterium sp. 1164966.3"
"ncbi" "Sinorhizobium meliloti BL225C" "Sinorhizobium" "Alphaproteobacteria" "Proteobacteria" "Sinorhizobium meliloti BL225C"
"ncbi" "Cycloclasticus sp. Phe_18" "Cycloclasticus" "Gammaproteobacteria" "Proteobacteria" "Cycloclasticus sp. Phe_18"
"ncbi" "Tardiphaga sp. Vaf07" "Tardiphaga" "Alphaproteobacteria" "Proteobacteria" "Tardiphaga sp. Vaf07"
"ncbi" "Bradyrhizobium sp. LMTR 3" "Bradyrhizobium" "Alphaproteobacteria" "Proteobacteria" "Bradyrhizobium sp. LMTR 3"
"ncbi" "Mycobacterium gordonae" "Mycobacterium" "Actinobacteria" "Actinobacteria" "Mycobacterium gordonae"
"ncbi" "Bradyrhizobium sp. STM 3843" "Bradyrhizobium" "Alphaproteobacteria" "Proteobacteria" "Bradyrhizobium sp. STM 3843"
"ncbi" "Acidiphilium cryptum JF-5" "Acidiphilium" "Alphaproteobacteria" "Proteobacteria" "Acidiphilium cryptum JF-5"
"ncbi" "Ochrobactrum anthropi ATCC 49188" "Ochrobactrum" "Alphaproteobacteria" "Proteobacteria" "Ochrobactrum anthropi ATCC 49188"
"ncbi" "Acidocella sp. MX-AZ02" "Acidocella" "Alphaproteobacteria" "Proteobacteria" "Acidocella sp. MX-AZ02"
"ncbi" "Variovorax sp. WDL1" "Variovorax" "Betaproteobacteria" "Proteobacteria" "Variovorax sp. WDL1"
"ncbi" "Alicyclobacillus tengchongensis" "Alicyclobacillus" "Bacilli" "Firmicutes" "Alicyclobacillus tengchongensis"
"ncbi" "Bacillus vireti LMG 21834" "Bacillus" "Bacilli" "Firmicutes" "Bacillus vireti LMG 21834"
"ncbi" "Deltaproteobacteria bacterium RIFCSPLOWO2_12_FULL_60_19" NA "Deltaproteobacteria" "Proteobacteria" "Deltaproteobacteria bacterium RIFCSPLOWO2_12_FULL_60_19"
"ncbi" "Candidatus Fischerbacteria bacterium RBG_13_37_8" NA NA "Candidatus Fischerbacteria" "Candidatus Fischerbacteria bacterium RBG_13_37_8"
"ncbi" "Pseudomonas reinekei" "Pseudomonas" "Gammaproteobacteria" "Proteobacteria" "Pseudomonas reinekei"
"ncbi" "Burkholderia cepacia" "Burkholderia" "Betaproteobacteria" "Proteobacteria" "Burkholderia cepacia"
"ncbi" "Hydrogenophaga sp. LPB0072" "Hydrogenophaga" "Betaproteobacteria" "Proteobacteria" "Hydrogenophaga sp. LPB0072"
"ncbi" "Burkholderia sp. OLGA172" "Burkholderia" "Betaproteobacteria" "Proteobacteria" "Burkholderia sp. OLGA172"
"ncbi" "Microbulbifer donghaiensis" "Microbulbifer" "Gammaproteobacteria" "Proteobacteria" "Microbulbifer donghaiensis"
"ncbi" "Azorhizobium caulinodans ORS 571" "Azorhizobium" "Alphaproteobacteria" "Proteobacteria" "Azorhizobium caulinodans ORS 571"
"ncbi" "Acetobacter aceti 1023" "Acetobacter" "Alphaproteobacteria" "Proteobacteria" "Acetobacter aceti 1023"
"ncbi" "Aminobacter sp. Root100" "Aminobacter" "Alphaproteobacteria" "Proteobacteria" "Aminobacter sp. Root100"
"ncbi" "Acidovorax sp. GW2" "Acidovorax" "Betaproteobacteria" "Proteobacteria" "Acidovorax sp. GW2"
"ncbi" "Sulfurovum sp. NBC37-1" "Sulfurovum" "Epsilonproteobacteria" "Proteobacteria" "Sulfurovum sp. NBC37-1"
"ncbi" "Bradyrhizobium icense" "Bradyrhizobium" "Alphaproteobacteria" "Proteobacteria" "Bradyrhizobium icense"
"ncbi" "Gluconacetobacter sp. SXCC-1" "Gluconacetobacter" "Alphaproteobacteria" "Proteobacteria" "Gluconacetobacter sp. SXCC-1"
"ncbi" "Bordetella bronchiseptica MO149" "Bordetella" "Betaproteobacteria" "Proteobacteria" "Bordetella bronchiseptica MO149"
"ncbi" "Herbaspirillum hiltneri N3" "Herbaspirillum" "Betaproteobacteria" "Proteobacteria" "Herbaspirillum hiltneri N3"
"ncbi" "Devosia sp. YR412" "Devosia" "Alphaproteobacteria" "Proteobacteria" "Devosia sp. YR412"
"ncbi" "Mycobacterium sp. JS623" "Mycobacterium" "Actinobacteria" "Actinobacteria" "Mycobacterium sp. JS623"
"ncbi" "Rhizobacter sp. Root404" "Rhizobacter" "Betaproteobacteria" "Proteobacteria" "Rhizobacter sp. Root404"
"ncbi" "Novosphingobium sp. SCN 66-18" "Novosphingobium" "Alphaproteobacteria" "Proteobacteria" "Novosphingobium sp. SCN 66-18"
"ncbi" "Pontibaca methylaminivorans" "Pontibaca" "Alphaproteobacteria" "Proteobacteria" "Pontibaca methylaminivorans"
"ncbi" "Lactobacillus paraplantarum" "Lactobacillus" "Bacilli" "Firmicutes" "Lactobacillus paraplantarum"
"ncbi" "Alicyclobacillus acidocaldarius subsp. acidocaldarius DSM 446" "Alicyclobacillus" "Bacilli" "Firmicutes" "Alicyclobacillus acidocaldarius subsp. acidocaldarius DSM 446"
"ncbi" "Staphylococcus saprophyticus subsp. saprophyticus ATCC 15305" "Staphylococcus" "Bacilli" "Firmicutes" "Staphylococcus saprophyticus subsp. saprophyticus ATCC 15305"
"ncbi" "Staphylococcus aureus" "Staphylococcus" "Bacilli" "Firmicutes" "Staphylococcus aureus"
"ncbi" "Enterococcus faecium DO" "Enterococcus" "Bacilli" "Firmicutes" "Enterococcus faecium DO"
"ncbi" "Sorangium cellulosum So0157-2" "Sorangium" "Deltaproteobacteria" "Proteobacteria" "Sorangium cellulosum So0157-2"
"ncbi" "Thiomonas arsenitoxydans" "Thiomonas" "Betaproteobacteria" "Proteobacteria" "Thiomonas arsenitoxydans"
"ncbi" "Labilithrix luteola" "Labilithrix" "Deltaproteobacteria" "Proteobacteria" "Labilithrix luteola"
"ncbi" "Nitrospirae bacterium RIFCSPLOWO2_02_FULL_62_14" NA NA "Nitrospirae" "Nitrospirae bacterium RIFCSPLOWO2_02_FULL_62_14"
"ncbi" "Methanobacterium lacus" "Methanobacterium" "Methanobacteria" "Euryarchaeota" "Methanobacterium lacus"
"ncbi" "Spirochaetes bacterium RBG_16_49_21" NA NA "Spirochaetes" "Spirochaetes bacterium RBG_16_49_21"
"ncbi" "Deltaproteobacteria bacterium RBG_16_64_85" NA "Deltaproteobacteria" "Proteobacteria" "Deltaproteobacteria bacterium RBG_16_64_85"
"ncbi" "Planctomycetes bacterium RBG_13_63_9" NA NA "Planctomycetes" "Planctomycetes bacterium RBG_13_63_9"
"ncbi" "Nitrobacter hamburgensis X14" "Nitrobacter" "Alphaproteobacteria" "Proteobacteria" "Nitrobacter hamburgensis X14"
"ncbi" "Mesorhizobium sp. 61-13" "Mesorhizobium" "Alphaproteobacteria" "Proteobacteria" "Mesorhizobium sp. 61-13"
"ncbi" "Ensifer glycinis" "Ensifer" "Alphaproteobacteria" "Proteobacteria" "Ensifer glycinis"
"ncbi" "Ramlibacter sp. Leaf400" "Ramlibacter" "Betaproteobacteria" "Proteobacteria" "Ramlibacter sp. Leaf400"
"ncbi" "Rubrivivax sp. SCN 70-15" "Rubrivivax" "Betaproteobacteria" "Proteobacteria" "Rubrivivax sp. SCN 70-15"
"ncbi" "Acetobacteraceae bacterium AT-5844" NA "Alphaproteobacteria" "Proteobacteria" "Acetobacteraceae bacterium AT-5844"
"ncbi" "Variovorax sp. OV700" "Variovorax" "Betaproteobacteria" "Proteobacteria" "Variovorax sp. OV700"
"ncbi" "Bradyrhizobium sp. BR 10245" "Bradyrhizobium" "Alphaproteobacteria" "Proteobacteria" "Bradyrhizobium sp. BR 10245"
"ncbi" "Alkalilimnicola ehrlichii MLHE-1" "Alkalilimnicola" "Gammaproteobacteria" "Proteobacteria" "Alkalilimnicola ehrlichii MLHE-1"
"ncbi" "Nitrosopumilus sp. BACL13 MAG-121220-bin23" "Nitrosopumilus" NA "Thaumarchaeota" "Nitrosopumilus sp. BACL13 MAG-121220-bin23"
"ncbi" "Nakamurella multipartita DSM 44233" "Nakamurella" "Actinobacteria" "Actinobacteria" "Nakamurella multipartita DSM 44233"
"ncbi" "Humibacillus sp. DSM 29435" "Humibacillus" "Actinobacteria" "Actinobacteria" "Humibacillus sp. DSM 29435"
"ncbi" "Pimelobacter simplex" "Pimelobacter" "Actinobacteria" "Actinobacteria" "Pimelobacter simplex"
"ncbi" "Gemmatimonadetes bacterium SCN 70-22" NA NA "Gemmatimonadetes" "Gemmatimonadetes bacterium SCN 70-22"
"ncbi" "Intrasporangium chromatireducens Q5-1" "Intrasporangium" "Actinobacteria" "Actinobacteria" "Intrasporangium chromatireducens Q5-1"
"ncbi" "Lysobacter enzymogenes" "Lysobacter" "Gammaproteobacteria" "Proteobacteria" "Lysobacter enzymogenes"
"ncbi" "Lysobacter sp. yr284" "Lysobacter" "Gammaproteobacteria" "Proteobacteria" "Lysobacter sp. yr284"
"ncbi" "Rhodanobacter sp. Root561" "Rhodanobacter" "Gammaproteobacteria" "Proteobacteria" "Rhodanobacter sp. Root561"
"ncbi" "Rhodanobacter sp. RIFOXYA1_FULL_67_6" "Rhodanobacter" "Gammaproteobacteria" "Proteobacteria" "Rhodanobacter sp. RIFOXYA1_FULL_67_6"
"ncbi" "Rhodanobacter glycinis" "Rhodanobacter" "Gammaproteobacteria" "Proteobacteria" "Rhodanobacter glycinis"
"ncbi" "Bradyrhizobium sp. CCGE-LA001" "Bradyrhizobium" "Alphaproteobacteria" "Proteobacteria" "Bradyrhizobium sp. CCGE-LA001"
"ncbi" "Massilia sp. WG5" "Massilia" "Betaproteobacteria" "Proteobacteria" "Massilia sp. WG5"
"ncbi" "Arenimonas sp. SCN 70-307" "Arenimonas" "Gammaproteobacteria" "Proteobacteria" "Arenimonas sp. SCN 70-307"
"ncbi" "Luteimonas sp. FCS-9" "Luteimonas" "Gammaproteobacteria" "Proteobacteria" "Luteimonas sp. FCS-9"
"ncbi" "Mesorhizobium plurifarium" "Mesorhizobium" "Alphaproteobacteria" "Proteobacteria" "Mesorhizobium plurifarium"
"ncbi" "Devosia sp. 17-2-E-8" "Devosia" "Alphaproteobacteria" "Proteobacteria" "Devosia sp. 17-2-E-8"
"ncbi" "Lysobacter capsici" "Lysobacter" "Gammaproteobacteria" "Proteobacteria" "Lysobacter capsici"
"ncbi" "Rhodanobacter sp. OK091" "Rhodanobacter" "Gammaproteobacteria" "Proteobacteria" "Rhodanobacter sp. OK091"
"ncbi" "Serratia plymuthica PRI-2C" "Serratia" "Gammaproteobacteria" "Proteobacteria" "Serratia plymuthica PRI-2C"
"ncbi" "Ramlibacter tataouinensis" "Ramlibacter" "Betaproteobacteria" "Proteobacteria" "Ramlibacter tataouinensis"
"ncbi" "Gemmatimonadetes bacterium 13_1_40CM_3_69_22" NA NA "Gemmatimonadetes" "Gemmatimonadetes bacterium 13_1_40CM_3_69_22"
"ncbi" "Rhizobium sp. Root1220" "Rhizobium" "Alphaproteobacteria" "Proteobacteria" "Rhizobium sp. Root1220"
"ncbi" "Rhodopseudomonas sp. AAP120" "Rhodopseudomonas" "Alphaproteobacteria" "Proteobacteria" "Rhodopseudomonas sp. AAP120"
"ncbi" "Methylobacterium sp. Leaf100" "Methylobacterium" "Alphaproteobacteria" "Proteobacteria" "Methylobacterium sp. Leaf100"
"ncbi" "Mesorhizobium sp. L48C026A00" "Mesorhizobium" "Alphaproteobacteria" "Proteobacteria" "Mesorhizobium sp. L48C026A00"
"ncbi" "Sphingomonas sp. SCN 67-18" "Sphingomonas" "Alphaproteobacteria" "Proteobacteria" "Sphingomonas sp. SCN 67-18"
"ncbi" "Candidatus Muproteobacteria bacterium RBG_16_60_9" NA "Candidatus Muproteobacteria" "Proteobacteria" "Candidatus Muproteobacteria bacterium RBG_16_60_9"
"ncbi" "Hahella chejuensis KCTC 2396" "Hahella" "Gammaproteobacteria" "Proteobacteria" "Hahella chejuensis KCTC 2396"
"ncbi" "bacterium YEK0313" NA NA NA "bacterium YEK0313"
"ncbi" "Bradyrhizobium sp. AS23.2" "Bradyrhizobium" "Alphaproteobacteria" "Proteobacteria" "Bradyrhizobium sp. AS23.2"
"ncbi" "Mesorhizobium sp. WSM1497" "Mesorhizobium" "Alphaproteobacteria" "Proteobacteria" "Mesorhizobium sp. WSM1497"
"ncbi" "Bradyrhizobium arachidis" "Bradyrhizobium" "Alphaproteobacteria" "Proteobacteria" "Bradyrhizobium arachidis"
"ncbi" "Bradyrhizobium sp. NAS96.2" "Bradyrhizobium" "Alphaproteobacteria" "Proteobacteria" "Bradyrhizobium sp. NAS96.2"
"ncbi" "Devosia sp. 67-54" "Devosia" "Alphaproteobacteria" "Proteobacteria" "Devosia sp. 67-54"
"ncbi" "Filomicrobium insigne" "Filomicrobium" "Alphaproteobacteria" "Proteobacteria" "Filomicrobium insigne"
"ncbi" "Microbulbifer yueqingensis" "Microbulbifer" "Gammaproteobacteria" "Proteobacteria" "Microbulbifer yueqingensis"
"ncbi" "Bradyrhizobium diazoefficiens SEMIA 5080" "Bradyrhizobium" "Alphaproteobacteria" "Proteobacteria" "Bradyrhizobium diazoefficiens SEMIA 5080"
"ncbi" "Alicyclobacillus ferrooxydans" "Alicyclobacillus" "Bacilli" "Firmicutes" "Alicyclobacillus ferrooxydans"
"ncbi" "Sphingobacteriales bacterium 50-39" NA "Sphingobacteriia" "Bacteroidetes" "Sphingobacteriales bacterium 50-39"
"ncbi" "Thalassobius gelatinovorus" "Thalassobius" "Alphaproteobacteria" "Proteobacteria" "Thalassobius gelatinovorus"
"ncbi" "Amphritea atlantica" "Amphritea" "Gammaproteobacteria" "Proteobacteria" "Amphritea atlantica"
"ncbi" "Deltaproteobacteria bacterium RBG_16_49_23" NA "Deltaproteobacteria" "Proteobacteria" "Deltaproteobacteria bacterium RBG_16_49_23"
"ncbi" "Desulfurispirillum indicum S5" "Desulfurispirillum" "Chrysiogenetes" "Chrysiogenetes" "Desulfurispirillum indicum S5"
"ncbi" "marine sediment metagenome" NA NA NA "marine sediment metagenome"
"ncbi" "Deltaproteobacteria bacterium RBG_13_49_15" NA "Deltaproteobacteria" "Proteobacteria" "Deltaproteobacteria bacterium RBG_13_49_15"
"ncbi" "Spirochaeta sp. JC202" "Spirochaeta" "Spirochaetia" "Spirochaetes" "Spirochaeta sp. JC202"
"ncbi" "Desulfobacterales bacterium S7086C20" NA "Deltaproteobacteria" "Proteobacteria" "Desulfobacterales bacterium S7086C20"
"ncbi" "Deltaproteobacteria bacterium RBG_19FT_COMBO_46_12" NA "Deltaproteobacteria" "Proteobacteria" "Deltaproteobacteria bacterium RBG_19FT_COMBO_46_12"
"ncbi" "Thioalkalivibrio nitratireducens DSM 14787" "Thioalkalivibrio" "Gammaproteobacteria" "Proteobacteria" "Thioalkalivibrio nitratireducens DSM 14787"
"ncbi" "Thiolapillus brandeum" "Thiolapillus" "Gammaproteobacteria" "Proteobacteria" "Thiolapillus brandeum"
"ncbi" "Oleiphilus sp. HI0043" "Oleiphilus" "Gammaproteobacteria" "Proteobacteria" "Oleiphilus sp. HI0043"
"ncbi" "Dietzia sp. UCD-THP" "Dietzia" "Actinobacteria" "Actinobacteria" "Dietzia sp. UCD-THP"
"ncbi" "Thalassobaculum litoreum DSM 18839" "Thalassobaculum" "Alphaproteobacteria" "Proteobacteria" "Thalassobaculum litoreum DSM 18839"
"ncbi" "Methylophaga nitratireducenticrescens" "Methylophaga" "Gammaproteobacteria" "Proteobacteria" "Methylophaga nitratireducenticrescens"
"ncbi" "Idiomarina zobellii" "Idiomarina" "Gammaproteobacteria" "Proteobacteria" "Idiomarina zobellii"
"ncbi" "Zhongshania aliphaticivorans" "Zhongshania" "Gammaproteobacteria" "Proteobacteria" "Zhongshania aliphaticivorans"
"ncbi" "Sulfurovum sp. AR" "Sulfurovum" "Epsilonproteobacteria" "Proteobacteria" "Sulfurovum sp. AR"
"ncbi" "Marinobacter sp. AK21" "Marinobacter" "Gammaproteobacteria" "Proteobacteria" "Marinobacter sp. AK21"
"ncbi" "alpha proteobacterium BAL199" NA "Alphaproteobacteria" "Proteobacteria" "alpha proteobacterium BAL199"
"ncbi" "Neisseria sp. GT4A_CT1" "Neisseria" "Betaproteobacteria" "Proteobacteria" "Neisseria sp. GT4A_CT1"
"ncbi" "Pantoea sp. At-9b" "Pantoea" "Gammaproteobacteria" "Proteobacteria" "Pantoea sp. At-9b"
"ncbi" "Gammaproteobacteria bacterium SG8_31" NA "Gammaproteobacteria" "Proteobacteria" "Gammaproteobacteria bacterium SG8_31"
"ncbi" "Pseudohongiella acticola" "Pseudohongiella" "Gammaproteobacteria" "Proteobacteria" "Pseudohongiella acticola"
"ncbi" "Oleiphilus sp. HI0066" "Oleiphilus" "Gammaproteobacteria" "Proteobacteria" "Oleiphilus sp. HI0066"
"ncbi" "Pseudomonas jinjuensis" "Pseudomonas" "Gammaproteobacteria" "Proteobacteria" "Pseudomonas jinjuensis"
"ncbi" "endosymbiont of Loripes lucinalis" "Candidatus Thiodiazotropha" "Gammaproteobacteria" "Proteobacteria" "endosymbiont of Loripes lucinalis"
"ncbi" "Pseudomonas putida" "Pseudomonas" "Gammaproteobacteria" "Proteobacteria" "Pseudomonas putida"
"ncbi" "Solemya velum gill symbiont" NA "Gammaproteobacteria" "Proteobacteria" "Solemya velum gill symbiont"
"ncbi" "Rhodanobacter sp. 115" "Rhodanobacter" "Gammaproteobacteria" "Proteobacteria" "Rhodanobacter sp. 115"
"ncbi" "Methyloceanibacter stevinii" "Methyloceanibacter" "Alphaproteobacteria" "Proteobacteria" "Methyloceanibacter stevinii"
"ncbi" "Oceanospirillum sp. MED92" "Neptuniibacter" "Gammaproteobacteria" "Proteobacteria" "Oceanospirillum sp. MED92"
"ncbi" "Mariprofundus ferrooxydans PV-1" "Mariprofundus" "Zetaproteobacteria" "Proteobacteria" "Mariprofundus ferrooxydans PV-1"
"ncbi" "Pseudoalteromonas luteoviolacea H33" "Pseudoalteromonas" "Gammaproteobacteria" "Proteobacteria" "Pseudoalteromonas luteoviolacea H33"
"ncbi" "Pseudomonas deceptionensis" "Pseudomonas" "Gammaproteobacteria" "Proteobacteria" "Pseudomonas deceptionensis"
"ncbi" "Asticcacaulis sp. AC402" "Asticcacaulis" "Alphaproteobacteria" "Proteobacteria" "Asticcacaulis sp. AC402"
"ncbi" "Gammaproteobacteria bacterium SG8_15" NA "Gammaproteobacteria" "Proteobacteria" "Gammaproteobacteria bacterium SG8_15"
"ncbi" "Gammaproteobacteria bacterium RBG_16_51_14" NA "Gammaproteobacteria" "Proteobacteria" "Gammaproteobacteria bacterium RBG_16_51_14"
"ncbi" "Candidatus Thiodiazotropha endolucinida" "Candidatus Thiodiazotropha" "Gammaproteobacteria" "Proteobacteria" "Candidatus Thiodiazotropha endolucinida"
"ncbi" "Methylomonas lenta" "Methylomonas" "Gammaproteobacteria" "Proteobacteria" "Methylomonas lenta"
"ncbi" "Thioalkalivibrio sp. K90mix" "Thioalkalivibrio" "Gammaproteobacteria" "Proteobacteria" "Thioalkalivibrio sp. K90mix"
"ncbi" "Pantoea dispersa" "Pantoea" "Gammaproteobacteria" "Proteobacteria" "Pantoea dispersa"
"ncbi" "Methyloceanibacter methanicus" "Methyloceanibacter" "Alphaproteobacteria" "Proteobacteria" "Methyloceanibacter methanicus"
"ncbi" "Burkholderia pseudomallei 1710b" "Burkholderia" "Betaproteobacteria" "Proteobacteria" "Burkholderia pseudomallei 1710b"
"ncbi" "Shewanella frigidimarina NCIMB 400" "Shewanella" "Gammaproteobacteria" "Proteobacteria" "Shewanella frigidimarina NCIMB 400"
"ncbi" "Thioalkalivibrio sulfidophilus HL-EbGr7" "Thioalkalivibrio" "Gammaproteobacteria" "Proteobacteria" "Thioalkalivibrio sulfidophilus HL-EbGr7"
"ncbi" "Serratia marcescens" "Serratia" "Gammaproteobacteria" "Proteobacteria" "Serratia marcescens"
"ncbi" "Marinobacter sp. ES-1" "Marinobacter" "Gammaproteobacteria" "Proteobacteria" "Marinobacter sp. ES-1"
"ncbi" "Idiomarina loihiensis L2TR" "Idiomarina" "Gammaproteobacteria" "Proteobacteria" "Idiomarina loihiensis L2TR"
"ncbi" "Serratia plymuthica AS9" "Serratia" "Gammaproteobacteria" "Proteobacteria" "Serratia plymuthica AS9"
"ncbi" "Pseudomonas sp. 1-7" "Pseudomonas" "Gammaproteobacteria" "Proteobacteria" "Pseudomonas sp. 1-7"
"ncbi" "Pseudomonas sp. M47T1" "Pseudomonas" "Gammaproteobacteria" "Proteobacteria" "Pseudomonas sp. M47T1"
"ncbi" "Vibrio caribbeanicus" "Vibrio" "Gammaproteobacteria" "Proteobacteria" "Vibrio caribbeanicus"
"ncbi" "Microbulbifer thermotolerans" "Microbulbifer" "Gammaproteobacteria" "Proteobacteria" "Microbulbifer thermotolerans"
"ncbi" "Marinobacter pelagius" "Marinobacter" "Gammaproteobacteria" "Proteobacteria" "Marinobacter pelagius"
"ncbi" "Photobacterium galatheae" "Photobacterium" "Gammaproteobacteria" "Proteobacteria" "Photobacterium galatheae"
"ncbi" "Thiotrichales bacterium SG8_50" NA "Gammaproteobacteria" "Proteobacteria" "Thiotrichales bacterium SG8_50"
"ncbi" "Myxococcales bacterium SG8_38_1" NA "Deltaproteobacteria" "Proteobacteria" "Myxococcales bacterium SG8_38_1"
"ncbi" "Pseudomonas sp. CMAA1215" "Pseudomonas" "Gammaproteobacteria" "Proteobacteria" "Pseudomonas sp. CMAA1215"
"ncbi" "Thioalkalivibrio paradoxus ARh 1" "Thioalkalivibrio" "Gammaproteobacteria" "Proteobacteria" "Thioalkalivibrio paradoxus ARh 1"
"ncbi" "Crenobacter luteus" "Crenobacter" "Betaproteobacteria" "Proteobacteria" "Crenobacter luteus"
"ncbi" "Marinobacter lutaoensis" "Marinobacter" "Gammaproteobacteria" "Proteobacteria" "Marinobacter lutaoensis"
"ncbi" "Oceanobacter sp. HI0075" "Oleibacter" "Gammaproteobacteria" "Proteobacteria" "Oceanobacter sp. HI0075"
"ncbi" "Pseudoalteromonas luteoviolacea 2ta16" "Pseudoalteromonas" "Gammaproteobacteria" "Proteobacteria" "Pseudoalteromonas luteoviolacea 2ta16"
"ncbi" "Tepidicaulis marinus" "Tepidicaulis" "Alphaproteobacteria" "Proteobacteria" "Tepidicaulis marinus"
"ncbi" "Rhizobiales bacterium NRL2" NA "Alphaproteobacteria" "Proteobacteria" "Rhizobiales bacterium NRL2"
"ncbi" "Methylothermaceae bacteria B42" NA "Gammaproteobacteria" "Proteobacteria" "Methylothermaceae bacteria B42"
"ncbi" "Pontibacter sp. BAB1700" "Pontibacter" "Cytophagia" "Bacteroidetes" "Pontibacter sp. BAB1700"
"ncbi" "Endozoicomonas numazuensis" "Endozoicomonas" "Gammaproteobacteria" "Proteobacteria" "Endozoicomonas numazuensis"
"ncbi" "Pseudoalteromonas translucida KMM 520" "Pseudoalteromonas" "Gammaproteobacteria" "Proteobacteria" "Pseudoalteromonas translucida KMM 520"
"ncbi" "Shewanella amazonensis SB2B" "Shewanella" "Gammaproteobacteria" "Proteobacteria" "Shewanella amazonensis SB2B"
"ncbi" "Methyloceanibacter superfactus" "Methyloceanibacter" "Alphaproteobacteria" "Proteobacteria" "Methyloceanibacter superfactus"
"ncbi" "Halocynthiibacter arcticus" "Halocynthiibacter" "Alphaproteobacteria" "Proteobacteria" "Halocynthiibacter arcticus"
"ncbi" "Pantoea sp. PSNIH2" "Pantoea" "Gammaproteobacteria" "Proteobacteria" "Pantoea sp. PSNIH2"
"ncbi" "Marinobacterium sp. ST58-10" "Marinobacterium" "Gammaproteobacteria" "Proteobacteria" "Marinobacterium sp. ST58-10"
"ncbi" "methanotrophic endosymbiont of Bathymodiolus azoricus (Menez Gwen)" NA NA NA "methanotrophic endosymbiont of Bathymodiolus azoricus (Menez Gwen)"
"ncbi" "Burkholderia panaciterrae" "Paraburkholderia" "Betaproteobacteria" "Proteobacteria" "Burkholderia panaciterrae"
"ncbi" "Spongiibacter sp. IMCC21906" "Spongiibacter" "Gammaproteobacteria" "Proteobacteria" "Spongiibacter sp. IMCC21906"
"ncbi" "Cronobacter malonaticus LMG 23826" "Cronobacter" "Gammaproteobacteria" "Proteobacteria" "Cronobacter malonaticus LMG 23826"
"ncbi" "Microbulbifer sp. ZGT114" "Microbulbifer" "Gammaproteobacteria" "Proteobacteria" "Microbulbifer sp. ZGT114"
"ncbi" "endosymbiont of Riftia pachyptila (vent Ph05)" NA NA NA "endosymbiont of Riftia pachyptila (vent Ph05)"
"ncbi" "Acidihalobacter prosperus" "Acidihalobacter" "Gammaproteobacteria" "Proteobacteria" "Acidihalobacter prosperus"
"ncbi" "Paenibacillus odorifer" "Paenibacillus" "Bacilli" "Firmicutes" "Paenibacillus odorifer"
"ncbi" "Lactobacillus heilongjiangensis" "Lactobacillus" "Bacilli" "Firmicutes" "Lactobacillus heilongjiangensis"
"ncbi" "Geobacillus sp. C56-T3" "Geobacillus" "Bacilli" "Firmicutes" "Geobacillus sp. C56-T3"
"ncbi" "Enterococcus faecium" "Enterococcus" "Bacilli" "Firmicutes" "Enterococcus faecium"
"ncbi" "Paenibacillus polymyxa" "Paenibacillus" "Bacilli" "Firmicutes" "Paenibacillus polymyxa"
"ncbi" "Bacillus wakoensis JCM 9140" "Bacillus" "Bacilli" "Firmicutes" "Bacillus wakoensis JCM 9140"
"ncbi" "Desulfotomaculum australicum DSM 11792" "Desulfotomaculum" "Clostridia" "Firmicutes" "Desulfotomaculum australicum DSM 11792"
"ncbi" "Desmospora sp. 8437" "Desmospora" "Bacilli" "Firmicutes" "Desmospora sp. 8437"
"ncbi" "Alicyclobacillus sp. USBA-503" "Alicyclobacillus" "Bacilli" "Firmicutes" "Alicyclobacillus sp. USBA-503"
"ncbi" "Lactobacillus buchneri NRRL B-30929" "Lactobacillus" "Bacilli" "Firmicutes" "Lactobacillus buchneri NRRL B-30929"
"ncbi" "Geobacillus sp. Y4.1MC1" "Geobacillus" "Bacilli" "Firmicutes" "Geobacillus sp. Y4.1MC1"
"ncbi" "Lactobacillus mali KCTC 3596 = DSM 20444" "Lactobacillus" "Bacilli" "Firmicutes" "Lactobacillus mali KCTC 3596 = DSM 20444"
"ncbi" "Geobacillus sp. A1" "Geobacillus" "Bacilli" "Firmicutes" "Geobacillus sp. A1"
"ncbi" "Lactobacillus reuteri SD2112" "Lactobacillus" "Bacilli" "Firmicutes" "Lactobacillus reuteri SD2112"
"ncbi" "Enterococcus sp. kppr-6" "Enterococcus" "Bacilli" "Firmicutes" "Enterococcus sp. kppr-6"
"ncbi" "Bacillus licheniformis DSM 13 = ATCC 14580" "Bacillus" "Bacilli" "Firmicutes" "Bacillus licheniformis DSM 13 = ATCC 14580"
"ncbi" "Paenibacillus sp. FSL R7-0273" "Paenibacillus" "Bacilli" "Firmicutes" "Paenibacillus sp. FSL R7-0273"
"ncbi" "Proteobacteria bacterium CG1_02_64_396" NA NA "Proteobacteria" "Proteobacteria bacterium CG1_02_64_396"
"ncbi" "Lactobacillus spicheri" "Lactobacillus" "Bacilli" "Firmicutes" "Lactobacillus spicheri"
"ncbi" "Bacillus sp. FJAT-21945" "Bacillus" "Bacilli" "Firmicutes" "Bacillus sp. FJAT-21945"
"ncbi" "Alicyclobacillus macrosporangiidus" "Alicyclobacillus" "Bacilli" "Firmicutes" "Alicyclobacillus macrosporangiidus"
"ncbi" "Bacillus hemicellulosilyticus JCM 9152" "Bacillus" "Bacilli" "Firmicutes" "Bacillus hemicellulosilyticus JCM 9152"
"ncbi" "Anoxybacillus sp. SK3-4" "Anoxybacillus" "Bacilli" "Firmicutes" "Anoxybacillus sp. SK3-4"
"ncbi" "Geobacillus sp. WCH70" "Geobacillus" "Bacilli" "Firmicutes" "Geobacillus sp. WCH70"
"ncbi" "Bacillus subterraneus" "Bacillus" "Bacilli" "Firmicutes" "Bacillus subterraneus"
"ncbi" "Desulfuribacillus alkaliarsenatis" "Desulfuribacillus" "Bacilli" "Firmicutes" "Desulfuribacillus alkaliarsenatis"
"ncbi" "Paenibacillus sp. 32O-W" "Paenibacillus" "Bacilli" "Firmicutes" "Paenibacillus sp. 32O-W"
"ncbi" "Bacillus licheniformis" "Bacillus" "Bacilli" "Firmicutes" "Bacillus licheniformis"
"ncbi" "Bacillus clausii KSM-K16" "Bacillus" "Bacilli" "Firmicutes" "Bacillus clausii KSM-K16"
"ncbi" "Paenibacillus sp. DMB5" "Paenibacillus" "Bacilli" "Firmicutes" "Paenibacillus sp. DMB5"
"ncbi" "Thermoactinomyces sp. DSM 45892" "Thermoactinomyces" "Bacilli" "Firmicutes" "Thermoactinomyces sp. DSM 45892"
"ncbi" "Lihuaxuella thermophila" "Lihuaxuella" "Bacilli" "Firmicutes" "Lihuaxuella thermophila"
"ncbi" "Geomicrobium sp. JCM 19039" NA "Bacilli" "Firmicutes" "Geomicrobium sp. JCM 19039"
"ncbi" "Bacillus subtilis" "Bacillus" "Bacilli" "Firmicutes" "Bacillus subtilis"
"ncbi" "Parageobacillus thermantarcticus" "Parageobacillus" "Bacilli" "Firmicutes" "Parageobacillus thermantarcticus"
"ncbi" "Desulfotomaculum kuznetsovii DSM 6115" "Desulfotomaculum" "Clostridia" "Firmicutes" "Desulfotomaculum kuznetsovii DSM 6115"
"ncbi" "Lactobacillus oligofermentans DSM 15707 = LMG 22743" "Lactobacillus" "Bacilli" "Firmicutes" "Lactobacillus oligofermentans DSM 15707 = LMG 22743"
"ncbi" "Zetaproteobacteria bacterium CG1_02_49_23" NA "Zetaproteobacteria" "Proteobacteria" "Zetaproteobacteria bacterium CG1_02_49_23"
"ncbi" "Rhodopirellula baltica SH 1" "Rhodopirellula" "Planctomycetia" "Planctomycetes" "Rhodopirellula baltica SH 1"
"ncbi" "Salmonella enterica subsp. enterica serovar Paratyphi B str. SPB7" "Salmonella" "Gammaproteobacteria" "Proteobacteria" "Salmonella enterica subsp. enterica serovar Paratyphi B str. SPB7"
"ncbi" "Candidatus Tenderia electrophaga" "Candidatus Tenderia" "Gammaproteobacteria" "Proteobacteria" "Candidatus Tenderia electrophaga"
"ncbi" "sediment metagenome" NA NA NA "sediment metagenome"
"ncbi" "Acidithiobacillales bacterium SM23_46" NA "Acidithiobacillia" "Proteobacteria" "Acidithiobacillales bacterium SM23_46"
"ncbi" "Anaerolineae bacterium SG8_19" NA "Anaerolineae" "Chloroflexi" "Anaerolineae bacterium SG8_19"
"ncbi" "Acidobacteria bacterium RIFCSPLOWO2_02_FULL_61_28" NA NA "Acidobacteria" "Acidobacteria bacterium RIFCSPLOWO2_02_FULL_61_28"
"ncbi" "Planctomycetes bacterium GWC2_45_44" NA NA "Planctomycetes" "Planctomycetes bacterium GWC2_45_44"
"ncbi" "Acidobacteria bacterium 13_1_40CM_2_68_5" NA NA "Acidobacteria" "Acidobacteria bacterium 13_1_40CM_2_68_5"
"ncbi" "Planctomycetes bacterium RBG_19FT_COMBO_48_8" NA NA "Planctomycetes" "Planctomycetes bacterium RBG_19FT_COMBO_48_8"
"ncbi" "Anaerolineae bacterium CG1_02_58_13" NA "Anaerolineae" "Chloroflexi" "Anaerolineae bacterium CG1_02_58_13"
"ncbi" "Candidatus Buchananbacteria bacterium RIFCSPLOWO2_01_FULL_46_12" NA NA "Candidatus Buchananbacteria" "Candidatus Buchananbacteria bacterium RIFCSPLOWO2_01_FULL_46_12"
"ncbi" "Rhodospirillales bacterium RIFCSPLOWO2_12_FULL_67_15" NA "Alphaproteobacteria" "Proteobacteria" "Rhodospirillales bacterium RIFCSPLOWO2_12_FULL_67_15"
"ncbi" "Gracilibacter sp. BRH_c7a" "Gracilibacter" "Clostridia" "Firmicutes" "Gracilibacter sp. BRH_c7a"
"ncbi" "Halomonas daqiaonensis" "Halomonas" "Gammaproteobacteria" "Proteobacteria" "Halomonas daqiaonensis"
"ncbi" "Halomonas sp. ALS9" "Halomonas" "Gammaproteobacteria" "Proteobacteria" "Halomonas sp. ALS9"
"ncbi" "Desulfobacterales bacterium RIFOXYA12_FULL_46_15" NA "Deltaproteobacteria" "Proteobacteria" "Desulfobacterales bacterium RIFOXYA12_FULL_46_15"
"ncbi" "Moritella sp. PE36" "Moritella" "Gammaproteobacteria" "Proteobacteria" "Moritella sp. PE36"
"ncbi" "Vibrio genomosp. F6 str. FF-238" "Vibrio" "Gammaproteobacteria" "Proteobacteria" "Vibrio genomosp. F6 str. FF-238"
"ncbi" "Marinobacter similis" "Marinobacter" "Gammaproteobacteria" "Proteobacteria" "Marinobacter similis"
"ncbi" "Nitrosococcus halophilus Nc 4" "Nitrosococcus" "Gammaproteobacteria" "Proteobacteria" "Nitrosococcus halophilus Nc 4"
"ncbi" "Enterovibrio coralii" "Enterovibrio" "Gammaproteobacteria" "Proteobacteria" "Enterovibrio coralii"
"ncbi" "Thalassolituus oleivorans MIL-1" "Thalassolituus" "Gammaproteobacteria" "Proteobacteria" "Thalassolituus oleivorans MIL-1"
"ncbi" "Methylomonas koyamae" "Methylomonas" "Gammaproteobacteria" "Proteobacteria" "Methylomonas koyamae"
"ncbi" "Marinobacterium georgiense DSM 11526" "Marinobacterium" "Gammaproteobacteria" "Proteobacteria" "Marinobacterium georgiense DSM 11526"
"ncbi" "marine gamma proteobacterium HTCC2207" NA "Gammaproteobacteria" "Proteobacteria" "marine gamma proteobacterium HTCC2207"
"ncbi" "Nitrosococcus watsonii C-113" "Nitrosococcus" "Gammaproteobacteria" "Proteobacteria" "Nitrosococcus watsonii C-113"
"ncbi" "Marinobacterium sp. AK27" "Marinobacterium" "Gammaproteobacteria" "Proteobacteria" "Marinobacterium sp. AK27"
"ncbi" "Oleiphilus sp. HI0065" "Oleiphilus" "Gammaproteobacteria" "Proteobacteria" "Oleiphilus sp. HI0065"
"ncbi" "Acidithiobacillales bacterium SG8_45" NA "Acidithiobacillia" "Proteobacteria" "Acidithiobacillales bacterium SG8_45"
"ncbi" "Edwardsiella ictaluri 93-146" "Edwardsiella" "Gammaproteobacteria" "Proteobacteria" "Edwardsiella ictaluri 93-146"
"ncbi" "Sedimenticola thiotaurini" "Sedimenticola" "Gammaproteobacteria" "Proteobacteria" "Sedimenticola thiotaurini"
"ncbi" "Pseudomonas abietaniphila" "Pseudomonas" "Gammaproteobacteria" "Proteobacteria" "Pseudomonas abietaniphila"
"ncbi" "Gammaproteobacteria bacterium TR3.2" "Immundisolibacter" "Gammaproteobacteria" "Proteobacteria" "Gammaproteobacteria bacterium TR3.2"
"ncbi" "Cedecea neteri" "Cedecea" "Gammaproteobacteria" "Proteobacteria" "Cedecea neteri"
"ncbi" "Pseudomonas putida W619" "Pseudomonas" "Gammaproteobacteria" "Proteobacteria" "Pseudomonas putida W619"
"ncbi" "Pseudomonas sp. HUK17" "Pseudomonas" "Gammaproteobacteria" "Proteobacteria" "Pseudomonas sp. HUK17"
"ncbi" "Enterobacter sp. GN02315" "Enterobacter" "Gammaproteobacteria" "Proteobacteria" "Enterobacter sp. GN02315"
"ncbi" "Methylomicrobium alcaliphilum 20Z" "Methylomicrobium" "Gammaproteobacteria" "Proteobacteria" "Methylomicrobium alcaliphilum 20Z"
"ncbi" "Pseudomonas sp. EpSL25" "Pseudomonas" "Gammaproteobacteria" "Proteobacteria" "Pseudomonas sp. EpSL25"
"ncbi" "Cronobacter turicensis z3032" "Cronobacter" "Gammaproteobacteria" "Proteobacteria" "Cronobacter turicensis z3032"
"ncbi" "Gammaproteobacteria bacterium BRH_c0" NA "Gammaproteobacteria" "Proteobacteria" "Gammaproteobacteria bacterium BRH_c0"
"ncbi" "Stappia aggregata IAM 12614" "Labrenzia" "Alphaproteobacteria" "Proteobacteria" "Stappia aggregata IAM 12614"
"ncbi" "Enterobacter sp. kpr-6" "Enterobacter" "Gammaproteobacteria" "Proteobacteria" "Enterobacter sp. kpr-6"
"ncbi" "Rhodanobacter spathiphylli B39" "Rhodanobacter" "Gammaproteobacteria" "Proteobacteria" "Rhodanobacter spathiphylli B39"
"ncbi" "Methylophaga aminisulfidivorans MP" "Methylophaga" "Gammaproteobacteria" "Proteobacteria" "Methylophaga aminisulfidivorans MP"
"ncbi" "Cycloclasticus sp. P1" "Cycloclasticus" "Gammaproteobacteria" "Proteobacteria" "Cycloclasticus sp. P1"
"ncbi" "Nitrospina gracilis 3/211" "Nitrospina" "Nitrospinia" "Nitrospinae" "Nitrospina gracilis 3/211"
"ncbi" "Pantoea sp. AS-PWVM4" "Pantoea" "Gammaproteobacteria" "Proteobacteria" "Pantoea sp. AS-PWVM4"
"ncbi" "Marinobacter aquaeolei VT8" "Marinobacter" "Gammaproteobacteria" "Proteobacteria" "Marinobacter aquaeolei VT8"
"ncbi" "Roseovarius nubinhibens ISM" "Roseovarius" "Alphaproteobacteria" "Proteobacteria" "Roseovarius nubinhibens ISM"
"ncbi" "Alphaproteobacteria bacterium RIFOXYD12_FULL_60_8" NA "Alphaproteobacteria" "Proteobacteria" "Alphaproteobacteria bacterium RIFOXYD12_FULL_60_8"
"ncbi" "Kangiella koreensis DSM 16069" "Kangiella" "Gammaproteobacteria" "Proteobacteria" "Kangiella koreensis DSM 16069"
"ncbi" "Serratia liquefaciens ATCC 27592" "Serratia" "Gammaproteobacteria" "Proteobacteria" "Serratia liquefaciens ATCC 27592"
"ncbi" "Pseudomonas sp. 20_BN" "Pseudomonas" "Gammaproteobacteria" "Proteobacteria" "Pseudomonas sp. 20_BN"
"ncbi" "Dickeya dadantii Ech586" "Dickeya" "Gammaproteobacteria" "Proteobacteria" "Dickeya dadantii Ech586"
"ncbi" "Thioalkalivibrio versutus" "Thioalkalivibrio" "Gammaproteobacteria" "Proteobacteria" "Thioalkalivibrio versutus"
"ncbi" "gamma proteobacterium IMCC2047" NA "Gammaproteobacteria" "Proteobacteria" "gamma proteobacterium IMCC2047"
"ncbi" "Marinobacter hydrocarbonoclasticus ATCC 49840" "Marinobacter" "Gammaproteobacteria" "Proteobacteria" "Marinobacter hydrocarbonoclasticus ATCC 49840"
"ncbi" "Hafnia alvei" "Hafnia" "Gammaproteobacteria" "Proteobacteria" "Hafnia alvei"
"ncbi" "Ferrimonas balearica DSM 9799" "Ferrimonas" "Gammaproteobacteria" "Proteobacteria" "Ferrimonas balearica DSM 9799"
"ncbi" "Pseudomonas psychrotolerans" "Pseudomonas" "Gammaproteobacteria" "Proteobacteria" "Pseudomonas psychrotolerans"
"ncbi" "Caenispirillum salinarum AK4" "Caenispirillum" "Alphaproteobacteria" "Proteobacteria" "Caenispirillum salinarum AK4"
"ncbi" "endosymbiont of Ridgeia piscesae" NA "Gammaproteobacteria" "Proteobacteria" "endosymbiont of Ridgeia piscesae"
"ncbi" "gamma proteobacterium HdN1" NA "Gammaproteobacteria" "Proteobacteria" "gamma proteobacterium HdN1"
"ncbi" "Marinobacter sp. JG233" "Marinobacter" "Gammaproteobacteria" "Proteobacteria" "Marinobacter sp. JG233"
"ncbi" "Halioglobus sp. HI00S01" "Halioglobus" "Gammaproteobacteria" "Proteobacteria" "Halioglobus sp. HI00S01"
"ncbi" "Desulfitobacterium hafniense DCB-2" "Desulfitobacterium" "Clostridia" "Firmicutes" "Desulfitobacterium hafniense DCB-2"
"ncbi" "Bacillus axarquiensis" "Bacillus" "Bacilli" "Firmicutes" "Bacillus axarquiensis"
"ncbi" "Bacillus subtilis subsp. spizizenii str. W23" "Bacillus" "Bacilli" "Firmicutes" "Bacillus subtilis subsp. spizizenii str. W23"
"ncbi" "Gracilibacillus boraciitolerans JCM 21714" "Gracilibacillus" "Bacilli" "Firmicutes" "Gracilibacillus boraciitolerans JCM 21714"
"ncbi" "Lactobacillus brevis ATCC 367" "Lactobacillus" "Bacilli" "Firmicutes" "Lactobacillus brevis ATCC 367"
"ncbi" "Geobacillus stearothermophilus 10" "Geobacillus" "Bacilli" "Firmicutes" "Geobacillus stearothermophilus 10"
"ncbi" "Bacillus sp. UWC" "Bacillus" "Bacilli" "Firmicutes" "Bacillus sp. UWC"
"ncbi" "Thermobacillus composti KWC4" "Thermobacillus" "Bacilli" "Firmicutes" "Thermobacillus composti KWC4"
"ncbi" "Lactobacillus hokkaidonensis JCM 18461" "Lactobacillus" "Bacilli" "Firmicutes" "Lactobacillus hokkaidonensis JCM 18461"
"ncbi" "Bacillus endophyticus" "Bacillus" "Bacilli" "Firmicutes" "Bacillus endophyticus"
"ncbi" "Brevibacillus sp. OK042" "Brevibacillus" "Bacilli" "Firmicutes" "Brevibacillus sp. OK042"
"ncbi" "Zetaproteobacteria bacterium CG1_02_55_237" NA "Zetaproteobacteria" "Proteobacteria" "Zetaproteobacteria bacterium CG1_02_55_237"
"ncbi" "Desulfotomaculum thermosubterraneum DSM 16057" "Desulfotomaculum" "Clostridia" "Firmicutes" "Desulfotomaculum thermosubterraneum DSM 16057"
"ncbi" "Caldalkalibacillus thermarum TA2.A1" "Caldalkalibacillus" "Bacilli" "Firmicutes" "Caldalkalibacillus thermarum TA2.A1"
"ncbi" "Paenibacillus sp. IHB B 3415" "Paenibacillus" "Bacilli" "Firmicutes" "Paenibacillus sp. IHB B 3415"
"ncbi" "Lactobacillus brevis" "Lactobacillus" "Bacilli" "Firmicutes" "Lactobacillus brevis"
"ncbi" "Bacillus akibai JCM 9157" "Bacillus" "Bacilli" "Firmicutes" "Bacillus akibai JCM 9157"
"ncbi" "Paenibacillus oryzae" "Paenibacillus" "Bacilli" "Firmicutes" "Paenibacillus oryzae"
"ncbi" "Rhodopirellula sallentina SM41" "Rhodopirellula" "Planctomycetia" "Planctomycetes" "Rhodopirellula sallentina SM41"
"ncbi" "Patulibacter sp. I11" "Patulibacter" "Thermoleophilia" "Actinobacteria" "Patulibacter sp. I11"
"ncbi" "Ferriphaselus amnicola" "Ferriphaselus" "Betaproteobacteria" "Proteobacteria" "Ferriphaselus amnicola"
"ncbi" "Geobacter metallireducens GS-15" "Geobacter" "Deltaproteobacteria" "Proteobacteria" "Geobacter metallireducens GS-15"
"ncbi" "Desulfatitalea sp. BRH_c12" "Desulfatitalea" "Deltaproteobacteria" "Proteobacteria" "Desulfatitalea sp. BRH_c12"
"ncbi" "Candidatus Peregrinibacteria bacterium CG1_02_54_53" NA NA "Candidatus Peregrinibacteria" "Candidatus Peregrinibacteria bacterium CG1_02_54_53"
"ncbi" "Steroidobacter denitrificans" "Steroidobacter" "Gammaproteobacteria" "Proteobacteria" "Steroidobacter denitrificans"
"ncbi" "Candidatus Thorarchaeota archaeon SMTZ-45" NA NA "Candidatus Thorarchaeota" "Candidatus Thorarchaeota archaeon SMTZ-45"
"ncbi" "Thioalkalivibrio sulfidiphilus HL-EbGr7" "Thioalkalivibrio" "Gammaproteobacteria" "Proteobacteria" "Thioalkalivibrio sulfidiphilus HL-EbGr7"
"ncbi" "Mariprofundus micogutta" "Mariprofundus" "Zetaproteobacteria" "Proteobacteria" "Mariprofundus micogutta"
"ncbi" "hydrocarbon metagenome" NA NA NA "hydrocarbon metagenome"
"ncbi" "Thiobacillus sp. 65-1402" "Thiobacillus" "Betaproteobacteria" "Proteobacteria" "Thiobacillus sp. 65-1402"
"ncbi" "Mycobacterium sp. 1245111.1" "Mycobacterium" "Actinobacteria" "Actinobacteria" "Mycobacterium sp. 1245111.1"
"ncbi" "Mycobacterium sp. 1274761.0" "Mycobacterium" "Actinobacteria" "Actinobacteria" "Mycobacterium sp. 1274761.0"
"ncbi" "Bradyrhizobium diazoefficiens" "Bradyrhizobium" "Alphaproteobacteria" "Proteobacteria" "Bradyrhizobium diazoefficiens"
"ncbi" "Bradyrhizobium sp. Ghvi" "Bradyrhizobium" "Alphaproteobacteria" "Proteobacteria" "Bradyrhizobium sp. Ghvi"
"ncbi" "Mycobacterium sp. 1165196.3" "Mycobacterium" "Actinobacteria" "Actinobacteria" "Mycobacterium sp. 1165196.3"
"ncbi" "Brevundimonas naejangsanensis" "Brevundimonas" "Alphaproteobacteria" "Proteobacteria" "Brevundimonas naejangsanensis"
"ncbi" "Sinorhizobium sp. GL28" "Sinorhizobium" "Alphaproteobacteria" "Proteobacteria" "Sinorhizobium sp. GL28"
"ncbi" "Rhizobium sp. NT-26" "Rhizobium" "Alphaproteobacteria" "Proteobacteria" "Rhizobium sp. NT-26"
"ncbi" "Macrococcus caseolyticus JCSC5402" "Macrococcus" "Bacilli" "Firmicutes" "Macrococcus caseolyticus JCSC5402"
"ncbi" "Conexibacter woesei DSM 14684" "Conexibacter" "Thermoleophilia" "Actinobacteria" "Conexibacter woesei DSM 14684"
"ncbi" "Rhizobium freirei PRF 81" "Rhizobium" "Alphaproteobacteria" "Proteobacteria" "Rhizobium freirei PRF 81"
"ncbi" "Pseudomonas alcaligenes NBRC 14159" "Pseudomonas" "Gammaproteobacteria" "Proteobacteria" "Pseudomonas alcaligenes NBRC 14159"
"ncbi" "Hyphomicrobium denitrificans 1NES1" "Hyphomicrobium" "Alphaproteobacteria" "Proteobacteria" "Hyphomicrobium denitrificans 1NES1"
"ncbi" "Bradyrhizobium lablabi" "Bradyrhizobium" "Alphaproteobacteria" "Proteobacteria" "Bradyrhizobium lablabi"
"ncbi" "Bradyrhizobium jicamae" "Bradyrhizobium" "Alphaproteobacteria" "Proteobacteria" "Bradyrhizobium jicamae"
"ncbi" "Nocardioides sp. JS614" "Nocardioides" "Actinobacteria" "Actinobacteria" "Nocardioides sp. JS614"
"ncbi" "Terrabacter sp. Root85" "Terrabacter" "Actinobacteria" "Actinobacteria" "Terrabacter sp. Root85"
"ncbi" "Acinetobacter sp. HA" "Acinetobacter" "Gammaproteobacteria" "Proteobacteria" "Acinetobacter sp. HA"
"ncbi" "Mycobacterium kansasii" "Mycobacterium" "Actinobacteria" "Actinobacteria" "Mycobacterium kansasii"
"ncbi" "Rhodococcus aetherivorans" "Rhodococcus" "Actinobacteria" "Actinobacteria" "Rhodococcus aetherivorans"
"ncbi" "Rhodococcus sp. PBTS 2" "Rhodococcus" "Actinobacteria" "Actinobacteria" "Rhodococcus sp. PBTS 2"
"ncbi" "Geodermatophilus taihuensis" "Geodermatophilus" "Actinobacteria" "Actinobacteria" "Geodermatophilus taihuensis"
"ncbi" "Arthrobacter sp. EPSL27" "Arthrobacter" "Actinobacteria" "Actinobacteria" "Arthrobacter sp. EPSL27"
"ncbi" "Phycicoccus sp. Root563" "Phycicoccus" "Actinobacteria" "Actinobacteria" "Phycicoccus sp. Root563"
"ncbi" "Niastella sp. SCN 39-18" "Niastella" "Chitinophagia" "Bacteroidetes" "Niastella sp. SCN 39-18"
"ncbi" "Terrabacter sp. Root181" "Terrabacter" "Actinobacteria" "Actinobacteria" "Terrabacter sp. Root181"
"ncbi" "Micromonospora lupini str. Lupac 08" "Micromonospora" "Actinobacteria" "Actinobacteria" "Micromonospora lupini str. Lupac 08"
"ncbi" "Bradyrhizobium sp. S23321" "Bradyrhizobium" "Alphaproteobacteria" "Proteobacteria" "Bradyrhizobium sp. S23321"
"ncbi" "Actinobacteria bacterium RBG_16_68_12" NA NA "Actinobacteria" "Actinobacteria bacterium RBG_16_68_12"
"ncbi" "Ralstonia solanacearum PSI07" "Ralstonia" "Betaproteobacteria" "Proteobacteria" "Ralstonia solanacearum PSI07"
"ncbi" "Actinotalea fermentans ATCC 43279 = JCM 9966 = DSM 3133" "Actinotalea" "Actinobacteria" "Actinobacteria" "Actinotalea fermentans ATCC 43279 = JCM 9966 = DSM 3133"
"ncbi" "Tersicoccus phoenicis" "Tersicoccus" "Actinobacteria" "Actinobacteria" "Tersicoccus phoenicis"
"ncbi" "Cellulomonas carbonis T26" "Cellulomonas" "Actinobacteria" "Actinobacteria" "Cellulomonas carbonis T26"
"ncbi" "Sphingomonas taxi" "Sphingomonas" "Alphaproteobacteria" "Proteobacteria" "Sphingomonas taxi"
"ncbi" "Acinetobacter radioresistens SK82" "Acinetobacter" "Gammaproteobacteria" "Proteobacteria" "Acinetobacter radioresistens SK82"
"ncbi" "Hyphomonas sp. BRH_c22" "Hyphomonas" "Alphaproteobacteria" "Proteobacteria" "Hyphomonas sp. BRH_c22"
"ncbi" "Pseudomonas oryzihabitans" "Pseudomonas" "Gammaproteobacteria" "Proteobacteria" "Pseudomonas oryzihabitans"
"ncbi" "Methylobacterium populi" "Methylobacterium" "Alphaproteobacteria" "Proteobacteria" "Methylobacterium populi"
"ncbi" "Pseudomonas sp. Snoq117.2" "Pseudomonas" "Gammaproteobacteria" "Proteobacteria" "Pseudomonas sp. Snoq117.2"
"ncbi" "Acinetobacter sp. LCT-H3" "Acinetobacter" "Gammaproteobacteria" "Proteobacteria" "Acinetobacter sp. LCT-H3"
"ncbi" "Sphingopyxis sp. LC81" "Sphingopyxis" "Alphaproteobacteria" "Proteobacteria" "Sphingopyxis sp. LC81"
"ncbi" "Nocardia asteroides NBRC 15531" "Nocardia" "Actinobacteria" "Actinobacteria" "Nocardia asteroides NBRC 15531"
"ncbi" "Achromobacter sp. 2789STDY5608606" "Achromobacter" "Betaproteobacteria" "Proteobacteria" "Achromobacter sp. 2789STDY5608606"
"ncbi" "Propionivibrio sp. S1" "Propionivibrio" "Betaproteobacteria" "Proteobacteria" "Propionivibrio sp. S1"
"ncbi" "Solirubrobacterales bacterium 70-9" NA "Thermoleophilia" "Actinobacteria" "Solirubrobacterales bacterium 70-9"
"ncbi" "Actinobacteria bacterium 13_2_20CM_2_66_6" NA NA "Actinobacteria" "Actinobacteria bacterium 13_2_20CM_2_66_6"
"ncbi" "Chloroflexi bacterium RBG_16_70_13" NA NA "Chloroflexi" "Chloroflexi bacterium RBG_16_70_13"
"ncbi" "Actinobacteria bacterium RBG_16_70_17" NA NA "Actinobacteria" "Actinobacteria bacterium RBG_16_70_17"
"ncbi" "Polaromonas sp. JS666" "Polaromonas" "Betaproteobacteria" "Proteobacteria" "Polaromonas sp. JS666"
"ncbi" "Actinobacteria bacterium 13_1_20CM_2_66_18" NA NA "Actinobacteria" "Actinobacteria bacterium 13_1_20CM_2_66_18"
"ncbi" "Streptomyces mangrovisoli" "Streptomyces" "Actinobacteria" "Actinobacteria" "Streptomyces mangrovisoli"
"ncbi" "Intrasporangium calvum DSM 43043" "Intrasporangium" "Actinobacteria" "Actinobacteria" "Intrasporangium calvum DSM 43043"
"ncbi" "Candidatus Rokubacteria bacterium RIFCSPHIGHO2_02_FULL_73_26" NA NA "Candidatus Rokubacteria" "Candidatus Rokubacteria bacterium RIFCSPHIGHO2_02_FULL_73_26"
"ncbi" "Rubinisphaera brasiliensis DSM 5305" "Rubinisphaera" "Planctomycetia" "Planctomycetes" "Rubinisphaera brasiliensis DSM 5305"
"ncbi" "Actinomadura sp. CNU-125" "Actinomadura" "Actinobacteria" "Actinobacteria" "Actinomadura sp. CNU-125"
"ncbi" "Kutzneria albida DSM 43870" "Kutzneria" "Actinobacteria" "Actinobacteria" "Kutzneria albida DSM 43870"
"ncbi" "Actinobacteria bacterium DSM 45722" NA "Actinobacteria" "Actinobacteria" "Actinobacteria bacterium DSM 45722"
"ncbi" "Herbaspirillum sp. TSA66" "Noviherbaspirillum" "Betaproteobacteria" "Proteobacteria" "Herbaspirillum sp. TSA66"
"ncbi" "Williamsia sp. D3" "Williamsia" "Actinobacteria" "Actinobacteria" "Williamsia sp. D3"
"ncbi" "Flavobacterium sp. TAB 87" "Flavobacterium" "Flavobacteriia" "Bacteroidetes" "Flavobacterium sp. TAB 87"
"ncbi" "Opitutaceae bacterium TAV3" NA "Opitutae" "Verrucomicrobia" "Opitutaceae bacterium TAV3"
"ncbi" "Tsukamurella tyrosinosolvens" "Tsukamurella" "Actinobacteria" "Actinobacteria" "Tsukamurella tyrosinosolvens"
"ncbi" "Mycobacterium europaeum" "Mycobacterium" "Actinobacteria" "Actinobacteria" "Mycobacterium europaeum"
"ncbi" "Rhodococcus rhodochrous ATCC 21198" "Rhodococcus" "Actinobacteria" "Actinobacteria" "Rhodococcus rhodochrous ATCC 21198"
"ncbi" "Acidobacteriales bacterium 59-55" NA "Acidobacteriia" "Acidobacteria" "Acidobacteriales bacterium 59-55"
"ncbi" "Mucilaginibacter sp. OK283" "Mucilaginibacter" "Sphingobacteriia" "Bacteroidetes" "Mucilaginibacter sp. OK283"
"ncbi" "Flavisolibacter ginsengisoli DSM 18119" "Flavisolibacter" "Chitinophagia" "Bacteroidetes" "Flavisolibacter ginsengisoli DSM 18119"
"ncbi" "Nocardioides sp. Soil777" "Nocardioides" "Actinobacteria" "Actinobacteria" "Nocardioides sp. Soil777"
"ncbi" "Mycobacterium peregrinum" "Mycobacterium" "Actinobacteria" "Actinobacteria" "Mycobacterium peregrinum"
"ncbi" "Candidatus Gallionella acididurans" "Gallionella" "Betaproteobacteria" "Proteobacteria" "Candidatus Gallionella acididurans"
"ncbi" "Mucilaginibacter pineti" "Mucilaginibacter" "Sphingobacteriia" "Bacteroidetes" "Mucilaginibacter pineti"
"ncbi" "Ralstonia syzygii R24" "Ralstonia" "Betaproteobacteria" "Proteobacteria" "Ralstonia syzygii R24"
"ncbi" "Mesorhizobium sp. SOD10" "Mesorhizobium" "Alphaproteobacteria" "Proteobacteria" "Mesorhizobium sp. SOD10"
"ncbi" "Pseudomonas stutzeri" "Pseudomonas" "Gammaproteobacteria" "Proteobacteria" "Pseudomonas stutzeri"
"ncbi" "Afipia clevelandensis ATCC 49720" "Afipia" "Alphaproteobacteria" "Proteobacteria" "Afipia clevelandensis ATCC 49720"
"ncbi" "Acinetobacter ursingii ANC 3649" "Acinetobacter" "Gammaproteobacteria" "Proteobacteria" "Acinetobacter ursingii ANC 3649"
"ncbi" "Enterococcus faecium E980" "Enterococcus" "Bacilli" "Firmicutes" "Enterococcus faecium E980"
"ncbi" "Planctomyces sp. SH-PL62" "Planctomyces" "Planctomycetia" "Planctomycetes" "Planctomyces sp. SH-PL62"
"ncbi" "Rhodococcus qingshengii" "Rhodococcus" "Actinobacteria" "Actinobacteria" "Rhodococcus qingshengii"
"ncbi" "Rhodococcus imtechensis RKJ300" "Rhodococcus" "Actinobacteria" "Actinobacteria" "Rhodococcus imtechensis RKJ300"
"ncbi" "Austwickia chelonae NBRC 105200" "Austwickia" "Actinobacteria" "Actinobacteria" "Austwickia chelonae NBRC 105200"
"ncbi" "Cellulomonas flavigena DSM 20109" "Cellulomonas" "Actinobacteria" "Actinobacteria" "Cellulomonas flavigena DSM 20109"
"ncbi" "Actinobacteria bacterium 13_1_40CM_66_12" NA NA "Actinobacteria" "Actinobacteria bacterium 13_1_40CM_66_12"
"ncbi" "Niastella yeongjuensis" "Niastella" "Chitinophagia" "Bacteroidetes" "Niastella yeongjuensis"
"ncbi" "Mucilaginibacter gotjawali" "Mucilaginibacter" "Sphingobacteriia" "Bacteroidetes" "Mucilaginibacter gotjawali"
"ncbi" "Chloroflexi bacterium 13_1_40CM_3_70_6" NA NA "Chloroflexi" "Chloroflexi bacterium 13_1_40CM_3_70_6"
"ncbi" "Ktedonobacter racemifer DSM 44963" "Ktedonobacter" "Ktedonobacteria" "Chloroflexi" "Ktedonobacter racemifer DSM 44963"
"ncbi" "Deltaproteobacteria bacterium RBG_19FT_COMBO_43_11" NA "Deltaproteobacteria" "Proteobacteria" "Deltaproteobacteria bacterium RBG_19FT_COMBO_43_11"
"ncbi" "Dehalococcoidia bacterium CG2_30_46_19" NA "Dehalococcoidia" "Chloroflexi" "Dehalococcoidia bacterium CG2_30_46_19"
"ncbi" "Mycobacterium abscessus subsp. bolletii 103" "Mycobacterium" "Actinobacteria" "Actinobacteria" "Mycobacterium abscessus subsp. bolletii 103"
"ncbi" "Methanomethylovorans hollandica DSM 15978" "Methanomethylovorans" "Methanomicrobia" "Euryarchaeota" "Methanomethylovorans hollandica DSM 15978"
"ncbi" "Actinobacteria bacterium RBG_13_35_12" NA NA "Actinobacteria" "Actinobacteria bacterium RBG_13_35_12"
"ncbi" "Chloroflexi bacterium RBG_19FT_COMBO_47_15" NA NA "Chloroflexi" "Chloroflexi bacterium RBG_19FT_COMBO_47_15"
"ncbi" "Chloroflexi bacterium RBG_13_54_9" NA NA "Chloroflexi" "Chloroflexi bacterium RBG_13_54_9"
"ncbi" "Chloroflexi bacterium RBG_13_50_10" NA NA "Chloroflexi" "Chloroflexi bacterium RBG_13_50_10"
"ncbi" "Mycobacterium aromaticivorans JS19b1 = JCM 16368" "Mycobacterium" "Actinobacteria" "Actinobacteria" "Mycobacterium aromaticivorans JS19b1 = JCM 16368"
"ncbi" "Mycobacterium sp. Root265" "Mycobacterium" "Actinobacteria" "Actinobacteria" "Mycobacterium sp. Root265"
"ncbi" "Deltaproteobacteria bacterium RBG_16_44_11" NA "Deltaproteobacteria" "Proteobacteria" "Deltaproteobacteria bacterium RBG_16_44_11"
"ncbi" "Myxococcales bacterium SG8_38" NA "Deltaproteobacteria" "Proteobacteria" "Myxococcales bacterium SG8_38"
"ncbi" "Mycobacterium obuense" "Mycobacterium" "Actinobacteria" "Actinobacteria" "Mycobacterium obuense"
"ncbi" "Dehalococcoidia bacterium CG2_30_46_9" NA "Dehalococcoidia" "Chloroflexi" "Dehalococcoidia bacterium CG2_30_46_9"
"ncbi" "Smithella sp. F21" "Smithella" "Deltaproteobacteria" "Proteobacteria" "Smithella sp. F21"
"ncbi" "Chloroflexi bacterium 44-23" NA NA "Chloroflexi" "Chloroflexi bacterium 44-23"
"ncbi" "Chloroflexi bacterium RBG_16_50_9" NA NA "Chloroflexi" "Chloroflexi bacterium RBG_16_50_9"
"ncbi" "Phycisphaerae bacterium SG8_4" NA "Phycisphaerae" "Planctomycetes" "Phycisphaerae bacterium SG8_4"
"ncbi" "Candidatus Aminicenantes bacterium RBG_19FT_COMBO_65_30" NA NA "Candidatus Aminicenantes" "Candidatus Aminicenantes bacterium RBG_19FT_COMBO_65_30"
"ncbi" "Planctomycetes bacterium RBG_13_46_10" NA NA "Planctomycetes" "Planctomycetes bacterium RBG_13_46_10"
"ncbi" "Mycobacterium sp. 852013-51886_SCH5428379" "Mycobacterium" "Actinobacteria" "Actinobacteria" "Mycobacterium sp. 852013-51886_SCH5428379"
"ncbi" "mine drainage metagenome" NA NA NA "mine drainage metagenome"
"ncbi" "Euryarchaeota archaeon RBG_16_62_10" NA NA "Euryarchaeota" "Euryarchaeota archaeon RBG_16_62_10"
"ncbi" "Desulfitobacterium hafniense Y51" "Desulfitobacterium" "Clostridia" "Firmicutes" "Desulfitobacterium hafniense Y51"
"ncbi" "Mycobacterium sp. djl-10" "Mycobacterium" "Actinobacteria" "Actinobacteria" "Mycobacterium sp. djl-10"
"ncbi" "Levilinea saccharolytica" "Levilinea" "Anaerolineae" "Chloroflexi" "Levilinea saccharolytica"
"ncbi" "Deltaproteobacteria bacterium RBG_16_47_11" NA "Deltaproteobacteria" "Proteobacteria" "Deltaproteobacteria bacterium RBG_16_47_11"
"ncbi" "Chloroflexi bacterium RBG_13_66_10" NA NA "Chloroflexi" "Chloroflexi bacterium RBG_13_66_10"
"ncbi" "Sphaerochaeta pleomorpha str. Grapes" "Sphaerochaeta" "Spirochaetia" "Spirochaetes" "Sphaerochaeta pleomorpha str. Grapes"
"ncbi" "Mycobacterium sp. Root135" "Mycobacterium" "Actinobacteria" "Actinobacteria" "Mycobacterium sp. Root135"
"ncbi" "Mycobacterium rufum" "Mycobacterium" "Actinobacteria" "Actinobacteria" "Mycobacterium rufum"
"ncbi" "Candidatus Aminicenantes bacterium RBG_13_59_9" NA NA "Candidatus Aminicenantes" "Candidatus Aminicenantes bacterium RBG_13_59_9"
"ncbi" "Alkalibacter saccharofermentans DSM 14828" "Alkalibacter" "Clostridia" "Firmicutes" "Alkalibacter saccharofermentans DSM 14828"
"ncbi" "Clostridia bacterium 62_21" NA "Clostridia" "Firmicutes" "Clostridia bacterium 62_21"
"ncbi" "Mycobacterium avium MAV_120809_2495" "Mycobacterium" "Actinobacteria" "Actinobacteria" "Mycobacterium avium MAV_120809_2495"
"ncbi" "Chloroflexi bacterium RBG_13_51_36" NA NA "Chloroflexi" "Chloroflexi bacterium RBG_13_51_36"
"ncbi" "Hyphomicrobium sp. SCN 65-11" "Hyphomicrobium" "Alphaproteobacteria" "Proteobacteria" "Hyphomicrobium sp. SCN 65-11"
"ncbi" "Agrobacterium sp. GW4" "Agrobacterium" "Alphaproteobacteria" "Proteobacteria" "Agrobacterium sp. GW4"
"ncbi" "Sinorhizobium americanum" "Sinorhizobium" "Alphaproteobacteria" "Proteobacteria" "Sinorhizobium americanum"
"ncbi" "Rhizobium sp. LC145" "Rhizobium" "Alphaproteobacteria" "Proteobacteria" "Rhizobium sp. LC145"
"ncbi" "Mycobacterium sp. NAZ190054" "Mycobacterium" "Actinobacteria" "Actinobacteria" "Mycobacterium sp. NAZ190054"
"ncbi" "Rhizobium sp. Root482" "Rhizobium" "Alphaproteobacteria" "Proteobacteria" "Rhizobium sp. Root482"
"ncbi" "Mycobacterium vanbaalenii PYR-1" "Mycobacterium" "Actinobacteria" "Actinobacteria" "Mycobacterium vanbaalenii PYR-1"
"ncbi" "Variovorax paradoxus S110" "Variovorax" "Betaproteobacteria" "Proteobacteria" "Variovorax paradoxus S110"
"ncbi" "Mycobacterium rhodesiae JS60" "Mycobacterium" "Actinobacteria" "Actinobacteria" "Mycobacterium rhodesiae JS60"
"ncbi" "Litoreibacter janthinus" "Litoreibacter" "Alphaproteobacteria" "Proteobacteria" "Litoreibacter janthinus"
"ncbi" "Mycobacterium canariasense" "Mycobacterium" "Actinobacteria" "Actinobacteria" "Mycobacterium canariasense"
"ncbi" "Rhizobium sp. NFR07" "Rhizobium" "Alphaproteobacteria" "Proteobacteria" "Rhizobium sp. NFR07"
"ncbi" "Mycobacterium mucogenicum" "Mycobacterium" "Actinobacteria" "Actinobacteria" "Mycobacterium mucogenicum"
"ncbi" "Mesorhizobium sp. L2C089B000" "Mesorhizobium" "Alphaproteobacteria" "Proteobacteria" "Mesorhizobium sp. L2C089B000"
"ncbi" "Polaromonas naphthalenivorans CJ2" "Polaromonas" "Betaproteobacteria" "Proteobacteria" "Polaromonas naphthalenivorans CJ2"
"ncbi" "Mycobacterium brisbanense" "Mycobacterium" "Actinobacteria" "Actinobacteria" "Mycobacterium brisbanense"
"ncbi" "Nitratireductor indicus C115" "Nitratireductor" "Alphaproteobacteria" "Proteobacteria" "Nitratireductor indicus C115"
"ncbi" "Methyloceanibacter caenitepidi" "Methyloceanibacter" "Alphaproteobacteria" "Proteobacteria" "Methyloceanibacter caenitepidi"
"ncbi" "Rhodospirillales bacterium 69-11" NA "Alphaproteobacteria" "Proteobacteria" "Rhodospirillales bacterium 69-11"
"ncbi" "Prosthecomicrobium hirschii" "Prosthecomicrobium" "Alphaproteobacteria" "Proteobacteria" "Prosthecomicrobium hirschii"
"ncbi" "Litoreibacter albidus" "Litoreibacter" "Alphaproteobacteria" "Proteobacteria" "Litoreibacter albidus"
"ncbi" "Roseovarius indicus" "Roseovarius" "Alphaproteobacteria" "Proteobacteria" "Roseovarius indicus"
"ncbi" "Mycobacterium holsaticum" "Mycobacterium" "Actinobacteria" "Actinobacteria" "Mycobacterium holsaticum"
"ncbi" "Rhodanobacter sp. SCN 68-63" "Rhodanobacter" "Gammaproteobacteria" "Proteobacteria" "Rhodanobacter sp. SCN 68-63"
"ncbi" "Mycobacterium sp. ACS1612" "Mycobacterium" "Actinobacteria" "Actinobacteria" "Mycobacterium sp. ACS1612"
"ncbi" "Mycobacterium sp. 1482268.1" "Mycobacterium" "Actinobacteria" "Actinobacteria" "Mycobacterium sp. 1482268.1"
"ncbi" "Variovorax paradoxus B4" "Variovorax" "Betaproteobacteria" "Proteobacteria" "Variovorax paradoxus B4"
"ncbi" "Mycobacterium sp. GA-1285" "Mycobacterium" "Actinobacteria" "Actinobacteria" "Mycobacterium sp. GA-1285"
"ncbi" "Vibrio aerogenes CECT 7868" "Vibrio" "Gammaproteobacteria" "Proteobacteria" "Vibrio aerogenes CECT 7868"
"ncbi" "Thalassobacter arenae DSM 19593" "Litoreibacter" "Alphaproteobacteria" "Proteobacteria" "Thalassobacter arenae DSM 19593"
"ncbi" "Mycobacterium cosmeticum" "Mycobacterium" "Actinobacteria" "Actinobacteria" "Mycobacterium cosmeticum"
"ncbi" "Devosia geojensis" "Devosia" "Alphaproteobacteria" "Proteobacteria" "Devosia geojensis"
"ncbi" "Mycobacterium sp. VKM Ac-1817D" "Mycobacterium" "Actinobacteria" "Actinobacteria" "Mycobacterium sp. VKM Ac-1817D"
"ncbi" "Hyphomonas adhaerens MHS-3" "Hyphomonas" "Alphaproteobacteria" "Proteobacteria" "Hyphomonas adhaerens MHS-3"
"ncbi" "Burkholderia stabilis" "Burkholderia" "Betaproteobacteria" "Proteobacteria" "Burkholderia stabilis"
"ncbi" "Mesorhizobium sp. LNHC232B00" "Mesorhizobium" "Alphaproteobacteria" "Proteobacteria" "Mesorhizobium sp. LNHC232B00"
"ncbi" "Yersinia frederiksenii" "Yersinia" "Gammaproteobacteria" "Proteobacteria" "Yersinia frederiksenii"
"ncbi" "Thermoactinomyces vulgaris" "Thermoactinomyces" "Bacilli" "Firmicutes" "Thermoactinomyces vulgaris"
"ncbi" "Bacillus methanolicus MGA3" "Bacillus" "Bacilli" "Firmicutes" "Bacillus methanolicus MGA3"
"ncbi" "Candidatus Atribacteria bacterium RBG_19FT_COMBO_35_14" NA NA "Candidatus Atribacteria" "Candidatus Atribacteria bacterium RBG_19FT_COMBO_35_14"
"ncbi" "Singulisphaera acidiphila DSM 18658" "Singulisphaera" "Planctomycetia" "Planctomycetes" "Singulisphaera acidiphila DSM 18658"
"ncbi" "Elusimicrobia bacterium GWA2_69_24" NA NA "Elusimicrobia" "Elusimicrobia bacterium GWA2_69_24"
"ncbi" "Euryarchaeota archaeon RBG_13_57_23" NA NA "Euryarchaeota" "Euryarchaeota archaeon RBG_13_57_23"
"ncbi" "Desulfuromonadales bacterium GWC2_61_20" NA "Deltaproteobacteria" "Proteobacteria" "Desulfuromonadales bacterium GWC2_61_20"
"ncbi" "Betaproteobacteria bacterium RIFCSPLOWO2_12_FULL_64_23" NA "Betaproteobacteria" "Proteobacteria" "Betaproteobacteria bacterium RIFCSPLOWO2_12_FULL_64_23"
"ncbi" "Belnapia rosea" "Belnapia" "Alphaproteobacteria" "Proteobacteria" "Belnapia rosea"
"ncbi" "Polymorphum gilvum SL003B-26A1" "Polymorphum" "Alphaproteobacteria" "Proteobacteria" "Polymorphum gilvum SL003B-26A1"
"ncbi" "Variovorax sp. Root411" "Variovorax" "Betaproteobacteria" "Proteobacteria" "Variovorax sp. Root411"
"ncbi" "Hyphomicrobium facile" "Hyphomicrobium" "Alphaproteobacteria" "Proteobacteria" "Hyphomicrobium facile"
"ncbi" "Oligotropha carboxidovorans OM5" "Oligotropha" "Alphaproteobacteria" "Proteobacteria" "Oligotropha carboxidovorans OM5"
"ncbi" "Microvirga sp. V5/3M" "Microvirga" "Alphaproteobacteria" "Proteobacteria" "Microvirga sp. V5/3M"
"ncbi" "Methylobacterium sp. GXF4" "Methylobacterium" "Alphaproteobacteria" "Proteobacteria" "Methylobacterium sp. GXF4"
"ncbi" "Roseomonas sp. M3" "Roseomonas" "Alphaproteobacteria" "Proteobacteria" "Roseomonas sp. M3"
"ncbi" "Acetobacter senegalensis" "Acetobacter" "Alphaproteobacteria" "Proteobacteria" "Acetobacter senegalensis"
"ncbi" "Variovorax sp. OK605" "Variovorax" "Betaproteobacteria" "Proteobacteria" "Variovorax sp. OK605"
"ncbi" "Lautropia sp. SCN 69-89" "Lautropia" "Betaproteobacteria" "Proteobacteria" "Lautropia sp. SCN 69-89"
"ncbi" "Microvirga sp. BSC39" "Microvirga" "Alphaproteobacteria" "Proteobacteria" "Microvirga sp. BSC39"
"ncbi" "Aminobacter aminovorans" "Aminobacter" "Alphaproteobacteria" "Proteobacteria" "Aminobacter aminovorans"
"ncbi" "Duganella sp. Leaf61" "Duganella" "Betaproteobacteria" "Proteobacteria" "Duganella sp. Leaf61"
"ncbi" "Gluconacetobacter diazotrophicus PAl 5" "Gluconacetobacter" "Alphaproteobacteria" "Proteobacteria" "Gluconacetobacter diazotrophicus PAl 5"
"ncbi" "Mycobacterium shimoidei" "Mycobacterium" "Actinobacteria" "Actinobacteria" "Mycobacterium shimoidei"
"ncbi" "Xylanimonas cellulosilytica DSM 15894" "Xylanimonas" "Actinobacteria" "Actinobacteria" "Xylanimonas cellulosilytica DSM 15894"
"ncbi" "Kibdelosporangium phytohabitans" "Kibdelosporangium" "Actinobacteria" "Actinobacteria" "Kibdelosporangium phytohabitans"
